[
    "A CORUNA",
    "AACHEN",
    "ABA",
    "ABADAN",
    "ABAETELUBA",
    "ABAKAN",
    "ABBOTABAD",
    "ABBOTSFORD-MISSION",
    "ABEOKUTA",
    "ABERDEEN",
    "ABERDEENSHIRE",
    "ABHA",
    "ABIDJAN",
    "ABIKO",
    "ABILENE (TX)",
    "ABO KEBER",
    "ABOHAR",
    "ABUJA",
    "ACAILANDIA",
    "ACAPULCO (DE JUAREZ)",
    "ACARIGUA-ARAURE",
    "ACAYUCAN",
    "ACCRA",
    "ACHALPUR",
    "ACHENG",
    "ACHINSK",
    "AD-DAMMAM",
    "ADAMSTOWN",
    "ADAN",
    "ADANA",
    "ADELAIDE",
    "ADHAMIYAH",
    "ADILABAD",
    "ADITYAPUR",
    "ADIYAMAN",
    "ADO-EKITI",
    "ADONI",
    "AFYONKARAHISAR",
    "AGANA",
    "AGARTALA",
    "AGEO",
    "AGRA",
    "AGRI",
    "AGUAS LINDAS DE GOIAS",
    "AGUASCALIENTES",
    "AHMEDABAD",
    "AHMEDNAGAR",
    "AHUACHAPAN",
    "AHWAZ",
    "AIR ITAM",
    "AIX-EN-PROVENCE",
    "AIZAWL",
    "AIZUWAKAMATSU",
    "AJMER",
    "AKASHI",
    "AKESHU",
    "AKHISAR",
    "AKHMIM",
    "AKISHIMA",
    "AKITA",
    "AKOLA",
    "AKRON (OH)",
    "AKSARAY",
    "AKTAU",
    "AKTOBE",
    "AKURE",
    "AL ORIZAH",
    "AL-HAWIYAH",
    "AL-HUDAYDAH (HODEIDAH)",
    "AL-HUFUF",
    "AL-JUBAYL",
    "AL-KHARJ",
    "AL-KHOOR",
    "AL-KHUBAR",
    "AL-MADINAH",
    "AL-MUBARRAZ",
    "AL-MUKALLA",
    "AL-QURRAYYAT",
    "AL-RAYYAN",
    "AL-WAKRAH",
    "ALAGOINHAS",
    "ALAJUELA",
    "ALAJUELITA",
    "ALANDUR",
    "ALANYA (ANTALYA)",
    "ALAPPUZHA",
    "ALBACETE",
    "ALBORG",
    "ALBUQUERQUE (NM)",
    "ALBURY-WODONGA",
    "ALCALA DE HENARES",
    "ALCHEVSK",
    "ALCOBENDAS",
    "ALCORCON",
    "ALDERSHOT",
    "ALETAI",
    "ALEXANDRA",
    "ALEXANDRIA",
    "ALEXANDRIA (VA)",
    "ALGECIRAS",
    "ALGIERS (EL DJAZAIR)",
    "ALICANTE",
    "ALIGARH",
    "ALIPURDUAR",
    "ALLAHABAD",
    "ALLENTOWN (PA)",
    "ALMADA",
    "ALMALYK",
    "ALMATY",
    "ALMERE",
    "ALMERIA",
    "ALMETIEVSK",
    "ALMIRANTE TAMANDARE",
    "ALOFI",
    "ALOR SETAR",
    "ALTO HOSPICIO",
    "ALVORADA",
    "ALWAR",
    "AMADORA",
    "AMAGASAKI",
    "AMARA",
    "AMARILLO (TX)",
    "AMBALA",
    "AMBALA SADAR",
    "AMBARNATH",
    "AMBATO",
    "AMBATTUR",
    "AMBON",
    "AMERICANA",
    "AMERSFOORT",
    "AMIENS",
    "AMMAN",
    "AMNAT CHAROEN",
    "AMOL",
    "AMPANG",
    "AMPANG/ULU KELANG",
    "AMRAVATI",
    "AMRITSAR",
    "AMROHA",
    "AMSTERDAM",
    "ANACO(F) (CAPITAL)",
    "ANAHEIM (CA)",
    "ANAND",
    "ANANINDEUA",
    "ANANTAPUR",
    "ANAPA",
    "ANAPOLIS",
    "ANCHORAGE (AK)",
    "ANCONA",
    "ANDA",
    "ANDERLECHT",
    "ANDIMESHK",
    "ANDIZHAN",
    "ANDONG",
    "ANDORRA LA VELLA",
    "ANG THONG",
    "ANGARSK",
    "ANGELES",
    "ANGERS",
    "ANGONO",
    "ANGRA DOS REIS",
    "ANGREN",
    "ANGUO",
    "ANGUS",
    "ANJO",
    "ANJU",
    "ANKANG",
    "ANKARA",
    "ANKLESVAR",
    "ANLU",
    "ANN ARBOR (MI)",
    "ANNABA",
    "ANNING",
    "ANQING",
    "ANQIU",
    "ANSHAN",
    "ANSHUN",
    "ANTALYA",
    "ANTANANARIVO",
    "ANTIOCH (CA)",
    "ANTIPOLO",
    "ANTOFAGASTA",
    "ANTSIRABE",
    "ANTWERPEN (ANVERS)",
    "ANYANG",
    "AOMORI",
    "APALIT",
    "APARECIDA DE GOIANIA",
    "APARTADO",
    "APELDOORN",
    "APIA",
    "APIZACO",
    "APOPA",
    "APUCARANA",
    "AR'AR",
    "ARACAJU",
    "ARACATUBA",
    "ARAD",
    "ARAGUAINA",
    "ARAGUARIO",
    "ARAK",
    "ARAPIRACA",
    "ARAPONGAS",
    "ARARAQUARA",
    "ARARAS",
    "ARARUAMA",
    "ARAUCARIA",
    "ARAYAT",
    "ARCOT",
    "ARDABIL",
    "ARECIBO",
    "AREQUIPA",
    "ARGENTEUIL",
    "ARHUS",
    "ARICA",
    "ARKHANGELSK",
    "ARLINGTON (TX)",
    "ARLINGTON (VA)",
    "ARMAVIR",
    "ARMENIA",
    "ARNHEM",
    "ARRAH",
    "ARTEM (PRIMORSKIY KRAI)",
    "ARUSHA",
    "ARVADA (CO)",
    "ARZAMAS",
    "AS SEEB",
    "AS SUWAYQ",
    "ASAHIKAWA",
    "ASAKA",
    "ASAN",
    "ASANSOL",
    "ASBEST",
    "ASHDOD",
    "ASHIKAGA",
    "ASHKHABAD",
    "ASHOKNAGAR KALYANGARH",
    "ASHQELON",
    "ASMARA",
    "ASSYUT",
    "ASTANA",
    "ASTRAKHAN",
    "ASUNCION",
    "ASWAN",
    "AT-TA'IF",
    "ATH-THUQBAH",
    "ATHENS (GA)",
    "ATHINAI",
    "ATIBAIA",
    "ATIRAU",
    "ATLANTA (GA)",
    "ATSUGI",
    "ATUSHI",
    "AUCKLAND",
    "AUGSBURG",
    "AUGUSTA (GA)",
    "AURANGABAD",
    "AURORA (CO)",
    "AURORA (IL)",
    "AUSTIN (TX)",
    "AVADI",
    "AVELLANEDA",
    "AWKA",
    "AYACUCHO",
    "AYDIN",
    "AZUA",
    "BABAHOYO",
    "BABOL",
    "BACABAL",
    "BACAU",
    "BACOLOD",
    "BACOOR CITY",
    "BADAJOZ",
    "BADALONA",
    "BADEN-BRUGG",
    "BAFOUSSAM",
    "BAGE",
    "BAGHDAD",
    "BAGO",
    "BAGUIO",
    "BAHADURGARH",
    "BAHARAMPUR",
    "BAHAWALNAGAR",
    "BAHAWALPUR",
    "BAHIA BLANCA-CERRI",
    "BAHRAICH",
    "BAIA MARE",
    "BAICHENG",
    "BAIDYABATI",
    "BAISE",
    "BAISHAN",
    "BAIYIN",
    "BAJOS DE HAINA",
    "BAKERSFIELD (CA)",
    "BAKU",
    "BALAKONG",
    "BALAKOVO",
    "BALASHIKHA",
    "BALE",
    "BALESHWAR",
    "BALIKESIR",
    "BALIKPAPAN",
    "BALIUAG",
    "BALLIA",
    "BALLY",
    "BALNEARIO CAMBORIU",
    "BALTI (BELTSY)",
    "BALTIMORE (MD)",
    "BALURGHAT",
    "BAM",
    "BAMENDA",
    "BANDA",
    "BANDA ACEH",
    "BANDAR LAMPUNG",
    "BANDAR MAHARANI",
    "BANDAR PENGGARAM",
    "BANDAR SERI BEGAWAN",
    "BANDAR-E-ABBAS",
    "BANDAR-E-ANZALI",
    "BANDAR-E-MAHSHAHR",
    "BANDIRMA",
    "BANDJARMASIN",
    "BANDUNG",
    "BANFORA",
    "BANGALORE",
    "BANGAON",
    "BANGKOK",
    "BANGUI",
    "BANHA",
    "BANI",
    "BANJA LUKA",
    "BANJU",
    "BANJZAK",
    "BANKURA",
    "BANSBERIA",
    "BAODING",
    "BAOJI",
    "BAOSHAN",
    "BAOTOU",
    "BARACALDO",
    "BARANAGAR",
    "BARANOVICHI",
    "BARASAT",
    "BARBACENA",
    "BARCELONA",
    "BARCELONA-PUERTO LA CRUZ",
    "BARDDHAMAN",
    "BAREILLY",
    "BARI",
    "BARINAS",
    "BARIPADA",
    "BARISAL",
    "BARNAUL",
    "BARQUISIMETO",
    "BARRA MANSA",
    "BARRACKPUR",
    "BARRANCABERMEJA",
    "BARRANQUILLA",
    "BARREIRAS",
    "BARRETOS",
    "BARRIE",
    "BARSHI",
    "BARUERI",
    "BARUTA",
    "BASED",
    "BASILAN",
    "BASILDON/NORTH BENFLEET",
    "BASIRHAT",
    "BASRA",
    "BASSE-TERRE",
    "BASSETERRE",
    "BASTI",
    "BAT YAM",
    "BATAISK",
    "BATALA",
    "BATAM",
    "BATANGAS",
    "BATHINDA",
    "BATMAN",
    "BATNA",
    "BATON ROUGE (LA)",
    "BATUMI",
    "BAUCHI",
    "BAURU",
    "BAWSHAR",
    "BAYAMBANG",
    "BAYAMO",
    "BAYAMON",
    "BAYAWAN (TULONG)",
    "BAYBAY",
    "BAZHONG",
    "BAZHOU",
    "BE'ER SHEVA",
    "BEAU BASSIN - ROSE HILL",
    "BEAUMONT (TX)",
    "BEAWAR",
    "BECHAR",
    "BEDFORD/KEMPSTON",
    "BEGUSARAI",
    "BEHBAHAN",
    "BEI'AN",
    "BEIHAI",
    "BEIJING (PEKING)",
    "BEILIU",
    "BEINING",
    "BEIPIAO",
    "BEIRA",
    "BEIRUT",
    "BEJAIA",
    "BELAYA TSERKOV (BILA CRKVA)",
    "BELEM",
    "BELFAST",
    "BELFORD ROXO",
    "BELGAUM",
    "BELGOROD",
    "BELLARY",
    "BELLEVUE (WA)",
    "BELLO",
    "BELO HORIZONTE",
    "BELOVO",
    "BENE BERAQ",
    "BENGBU",
    "BENGKULU",
    "BENI-SUEF",
    "BENIN CITY",
    "BENONI",
    "BENTO GONCALVES",
    "BENXI",
    "BEOGRAD (BELGRADE)",
    "BEPPU",
    "BERDYANSK",
    "BEREZNIKI",
    "BERGAMO",
    "BERGEN",
    "BERGISCH GLADBACH",
    "BERKELEY (CA)",
    "BERLIN",
    "BERNE",
    "BERTOUA",
    "BESANCON",
    "BESKRA",
    "BETIM",
    "BETTIAH",
    "BHADRAVATI",
    "BHADRESWAR",
    "BHAGALPUR",
    "BHALSWA JAHANGIR PUR",
    "BHARATPUR",
    "BHARUCH",
    "BHATPARA",
    "BHAVANI",
    "BHAVNAGAR",
    "BHEEMAVARAM",
    "BHILAI NAGAR",
    "BHILWARA",
    "BHIMDUTTA",
    "BHIND",
    "BHIWANDI",
    "BHIWANI",
    "BHOPAL",
    "BHUBANESWAR",
    "BHUJ",
    "BHUSAWAL",
    "BIALYSTOK",
    "BID",
    "BIDA",
    "BIDAR",
    "BIDHAN NAGAR",
    "BIELEFELD",
    "BIELSKO-BIALA",
    "BIHAR",
    "BIISK",
    "BIJAPUR",
    "BIJIE",
    "BIKANER",
    "BILASPUR",
    "BILBAO",
    "BILBES",
    "BILLINGS (MT)",
    "BINAN",
    "BINANGONAN",
    "BINJAI",
    "BINTULU",
    "BINZHOU",
    "BIRATNAGAR",
    "BIRGUNJ",
    "BIRIGUI",
    "BIRJAND",
    "BIRKENHEAD",
    "BIRMINGHAM (AL)",
    "BIRNAGAR",
    "BISHKEK",
    "BISSAU",
    "BITUNG",
    "BLACKBURN/DARWEN",
    "BLACKPOOL",
    "BLAGOVESHCHENSK (AMURSKAYA OBLAST)",
    "BLANTYRE CITY",
    "BLITAR",
    "BLOEMFONTEIN",
    "BLUMENOU",
    "BOA VISTA",
    "BOBO DIOULASSO",
    "BOBRUISK",
    "BOCA CHICA",
    "BOCAUE",
    "BOCHUM",
    "BOGOR",
    "BOGOTA, D.C.",
    "BOGRA",
    "BOISE CITY (ID)",
    "BOJNURD",
    "BOKARO STEEL CITY",
    "BOKSBURG",
    "BOLE",
    "BOLOGNA",
    "BOLU",
    "BOLZANO",
    "BOMMANAHALLI",
    "BONAO",
    "BONN",
    "BOR",
    "BORDEAUX",
    "BORDJ BOU ARRERIDJ",
    "BORDJ EL KIFFAN",
    "BORISOV",
    "BORUJERD",
    "BORYEONG",
    "BOSTON (MA)",
    "BOTAD",
    "BOTOSANI",
    "BOTOU",
    "BOTSHABELO",
    "BOTTROP",
    "BOTUCATU",
    "BOUAKE",
    "BOULDER (CO)",
    "BOULOGNE-BILLANCOURT",
    "BOURNEMOUTH",
    "BOZHOU",
    "BRAGA",
    "BRAGANCA",
    "BRAGANCA PAULISTA",
    "BRAHMANBARIA",
    "BRAHMAPUR",
    "BRAILA",
    "BRAMPTON",
    "BRANDON (FL)",
    "BRANTFORD",
    "BRASILIA",
    "BRASOV",
    "BRATISLAVA",
    "BRATSK",
    "BRAUNSCHWEIG",
    "BRAZZAVILLE",
    "BREDA",
    "BREGENZ",
    "BREMEN",
    "BREMERHAVEN",
    "BRESCIA",
    "BREST",
    "BRIDGEPORT (CT)",
    "BRIDGETOWN",
    "BRIGHTON/WORTHING/LITTLEHAMPTON",
    "BRISBANE",
    "BRISTOL",
    "BRNO",
    "BROWNSVILLE (TX)",
    "BRUGGE",
    "BRUSQUE",
    "BRUXELLES (BRUSSEL)",
    "BRYANSK",
    "BT9 CHERAS/SG RAYA/TMN SUNTEX",
    "BUCARAMANGA",
    "BUCHEON (PUCHON)",
    "BUCURESTI",
    "BUDAPEST",
    "BUDAUN",
    "BUENAVENTURA",
    "BUENOS AIRES",
    "BUFFALO (NY)",
    "BUJUMBURA",
    "BUKAND",
    "BUKHARA",
    "BUKIT MERTAJAM",
    "BULANDSHAHR",
    "BULAWAYO",
    "BURAYDAH",
    "BURBANK (CA)",
    "BUREWALA",
    "BURGAS",
    "BURGOS",
    "BURHANPUR",
    "BURI RAM",
    "BURLINGTON",
    "BURNABY",
    "BURNLEY/NELSON",
    "BURSA",
    "BUSAN (PUSAN)",
    "BUSHEHR",
    "BUTARE",
    "BUTTERWORTH",
    "BUTUAN",
    "BUTWAL",
    "BUZAU",
    "BYATARAYANAPURA",
    "BYDGOSZCZ",
    "BYTOM",
    "CABANATUAN",
    "CABIMAS",
    "CABO DE SANTO AGOSTINHO",
    "CABO FRIO",
    "CABUYAO",
    "CACAK",
    "CACHOEIRINHA",
    "CACHOEIRO DE ITAPEMIRIM",
    "CADIZ",
    "CAEN",
    "CAGAYAN DE ORO",
    "CAGLIARI",
    "CAGUA",
    "CAGUAS",
    "CAINTA",
    "CAIRNS",
    "CAIRO",
    "CAJAMARCA",
    "CALABAR",
    "CALAMA",
    "CALAMBA",
    "CALAPAN",
    "CALBAYOG",
    "CALDERON (CARAPUNGO)",
    "CALGARY",
    "CALI",
    "CALITHEA",
    "CALLAO",
    "CALUMPIT",
    "CAMACARI",
    "CAMAGUEY",
    "CAMARAGIBE",
    "CAMBRIDGE",
    "CAMBRIDGE (MA)",
    "CAMETA",
    "CAMPECHE",
    "CAMPINA GRANDE",
    "CAMPINAS",
    "CAMPO GRANDE",
    "CAMPO LARGO",
    "CAMPOS DOS GOYTACAZES",
    "CANAKKALE",
    "CANBERRA",
    "CANBERRA-QUEANBEYAN",
    "CANCUN",
    "CANDABA",
    "CANDELARIA",
    "CANGZHOU",
    "CANOAS",
    "CAPAS",
    "CAPE BRETON",
    "CAPE CORAL (FL)",
    "CAPE TOWN",
    "CAPIATA",
    "CARACAS",
    "CARAGUATATUBA",
    "CARAPICUIBA",
    "CARCAR",
    "CARDIFF",
    "CARIACICA",
    "CARLSBAD (CA)",
    "CAROLINA",
    "CARORA",
    "CARROLLTON (TX)",
    "CARTAGENA",
    "CARTAGO",
    "CARUARU",
    "CARUPANO",
    "CARY (NC)",
    "CASCAVEL",
    "CASTANHAL",
    "CASTELLON DE LA PLANA",
    "CASTRIES",
    "CATAMARCA",
    "CATANDUVA",
    "CATANIA",
    "CATIA LA MAR",
    "CAUAYAN",
    "CAUCAIA",
    "CAVITE CITY",
    "CAXIAS",
    "CAXIAS DO SUL",
    "CAYENNE",
    "CEBU",
    "CEDAR RAPIDS (IA)",
    "CELAYA",
    "CENTENNIAL (CO)",
    "CENTRAL COAST",
    "CENXI",
    "CEYHAN",
    "CHACHOENGSAO",
    "CHAI NAT",
    "CHAIYAPHUM",
    "CHAKDAHA",
    "CHALCO DE DIAZ COVARRUBIAS",
    "CHAMPDANI",
    "CHANDAN NAGAR",
    "CHANDAUSI",
    "CHANDIGARH",
    "CHANDLER (AZ)",
    "CHANDRAPUR",
    "CHANGCHUN",
    "CHANGDE",
    "CHANGGE",
    "CHANGJI",
    "CHANGLE",
    "CHANGNING",
    "CHANGSHA",
    "CHANGSHU",
    "CHANGWON",
    "CHANGYI",
    "CHANGZHI",
    "CHANGZHOU",
    "CHANTHABURI",
    "CHAOHU",
    "CHAOYANG (GUANGDONG)",
    "CHAOYANG (LIAONING)",
    "CHAOZHOU",
    "CHAPECO",
    "CHAPRA",
    "CHARLEROI",
    "CHARLESTON (SC)",
    "CHARLOTTE (NC)",
    "CHARLOTTE AMALIE",
    "CHATHAM-KENT",
    "CHATTANOOGA (TN)",
    "CHAYKOVSKY",
    "CHEBOKSARY",
    "CHELTENHAM/CHARLTON KINGS",
    "CHELYABINSK",
    "CHEMNITZ",
    "CHENGDE",
    "CHENGDU",
    "CHENGHAI",
    "CHENNAI (MADRAS)",
    "CHENZHOU",
    "CHEONAN",
    "CHEONGJU",
    "CHEREPOVETS",
    "CHERKASSY",
    "CHERKESSK",
    "CHERNIGOV",
    "CHERNOVTSY",
    "CHERTHALA",
    "CHESAPEAKE (VA)",
    "CHESTERFIELD/STAVELEY",
    "CHETUMAL",
    "CHHATARPUR",
    "CHHINDWARA",
    "CHIANG MAI",
    "CHIANG RAI",
    "CHIBA",
    "CHIBI",
    "CHICAGO (IL)",
    "CHICLAYO",
    "CHICOLOAPAN DE JUAREZ",
    "CHIFENG",
    "CHIGASAKI",
    "CHIGUALLANTE",
    "CHIHUAHUA",
    "CHIKMAGALUR",
    "CHIKUSEI",
    "CHIKUSHINO",
    "CHILLAN",
    "CHILPACINGO (DE LOS BRAVO)",
    "CHIMALHUACAN",
    "CHIMBOTE",
    "CHIMOIO",
    "CHINCHA ALTA",
    "CHINGOLA",
    "CHINIOT",
    "CHIPATA",
    "CHIRALA",
    "CHIRCHIK",
    "CHIRKUNDA",
    "CHISHTIAN",
    "CHISHUI",
    "CHISINAU (KISHINEV)",
    "CHITA",
    "CHITRADURGA",
    "CHITTAGONG",
    "CHITTOOR",
    "CHITUNGWIZA",
    "CHIZHOU",
    "CHOFU",
    "CHOLOMA",
    "CHON BURI",
    "CHONGJIN",
    "CHONGQING",
    "CHONGZHOU",
    "CHORZOW",
    "CHRISTCHURCH",
    "CHULA VISTA (CA)",
    "CHUMPHON",
    "CHUNCHEON",
    "CHUNGJU",
    "CHURU",
    "CHUXIONG",
    "CHUZHOU",
    "CIEGO DE AVILA",
    "CIENAGA",
    "CIENFUEGOS",
    "CINCINNATI (OH)",
    "CIREBON (TJIREBON)",
    "CIUDAD ACUNA",
    "CIUDAD APODACA",
    "CIUDAD BOLIVAR",
    "CIUDAD DE VILLA DE ALVAREZ",
    "CIUDAD DEL CARMEN",
    "CIUDAD DEL ESTE",
    "CIUDAD DELGADO",
    "CIUDAD GENERAL ESCOBEDO",
    "CIUDAD GUAYANA",
    "CIUDAD JUAREZ",
    "CIUDAD LOPEZ MATEOS",
    "CIUDAD MADERO",
    "CIUDAD OBREGON",
    "CIUDAD OJEDA",
    "CIUDAD SANTA CATARINA",
    "CIUDAD VALLES",
    "CIUDAD VICTORIA",
    "CIXI",
    "CIZRE",
    "CLARKSVILLE (TN)",
    "CLEARWATER (FL)",
    "CLERMONT-FERRAND",
    "CLEVELAND (OH)",
    "CLUJ-NAPOCA",
    "COATZACOALCOS",
    "COCHABAMBA",
    "CODO",
    "COIMBATORE",
    "COIMBRA",
    "COLATINA",
    "COLCHESTER",
    "COLIMAS",
    "COLOMBO",
    "COLORADO SPRINGS (CO)",
    "COLUMBIA (MO)",
    "COLUMBIA (SC)",
    "COLUMBUS (GA)",
    "COLUMBUS (OH)",
    "COMILLA",
    "COMODORO RIVADAVIA-RADA TILLY",
    "CONAKRY",
    "CONCEPCION",
    "CONCORD (CA)",
    "CONCORDIA",
    "CONGHUA",
    "CONSELHEIRO LAFAIETE",
    "CONSOLACION",
    "CONSTANTA",
    "CONTAGEM",
    "COONOOR",
    "COPIAPO",
    "COQUIMBO",
    "COQUITLAM",
    "CORAL SPRINGS (FL)",
    "CORDOBA",
    "CORK",
    "CORLU",
    "CORO",
    "CORONA (CA)",
    "CORONEL",
    "CORONEL FABRICIANO",
    "CORPUS CHRISTI (TX)",
    "CORRIENTES",
    "CORUM",
    "CORUMBA",
    "COSTA MESA (CA)",
    "COTABATO",
    "COTIA",
    "COTTBUS",
    "COVENTRY/BEDWORTH",
    "CRAIOVA",
    "CRATO",
    "CRAWLEY",
    "CRICIUMA",
    "CUA",
    "CUAUHTEMOC",
    "CUAUTITLAN IZCALLI",
    "CUAUTLA",
    "CUBATAO",
    "CUCUTA",
    "CUDDALORE",
    "CUDDAPAH",
    "CUENCA",
    "CUERNAVACA",
    "CUIABA",
    "CUIDAD DE GUATEMALA",
    "CULIACAN ROSALES",
    "CUMANA",
    "CURICO",
    "CURITIBA",
    "CUSCATANCINGO",
    "CUTTACK",
    "CUZCO",
    "CZESTOCHOWA",
    "DA'AN",
    "DABROWA GORNICZA",
    "DADU",
    "DAEGU (TAEGU)",
    "DAEJEON (TAEJON)",
    "DAFENG",
    "DAGUPAN",
    "DAITO",
    "DAKAR",
    "DALI",
    "DALIAN",
    "DALLAS (TX)",
    "DALLO PURA",
    "DALOA",
    "DALY CITY (CA)",
    "DAMANHUR",
    "DAMATURU",
    "DAMIETTA",
    "DAMOH",
    "DANAO CITY",
    "DANDONG",
    "DANGYANG",
    "DANJIANGKOU",
    "DANYANG",
    "DANZHOU",
    "DAQING",
    "DAR ES SALAAM",
    "DARAGA (LOCSIN)",
    "DARBHANGA",
    "DARJILING",
    "DARMSTADT",
    "DARWIN",
    "DASARAHALLI",
    "DASHIQIAO",
    "DASKA",
    "DASMARINAS",
    "DATONG",
    "DAUGAVPILS",
    "DAVANGERE",
    "DAVAO",
    "DAVENPORT (IA)",
    "DAWEI",
    "DAYE",
    "DAYTON (OH)",
    "DAZHOU",
    "DEARNE VALLEY",
    "DEBRECEN",
    "DEDOUGOU",
    "DEHIWALA-MOUNT LAVINIA",
    "DEHRADUN",
    "DEHRI",
    "DEHUI",
    "DELHI",
    "DELHI CANTONMENT",
    "DELICIAS",
    "DENGFENG",
    "DENGTA",
    "DENGZHOU",
    "DENIZLI",
    "DENPASAR",
    "DENTON (TX)",
    "DENVER (CO)",
    "DEOGHAR",
    "DEOLI",
    "DEORIA",
    "DERA GHAZI KHAN",
    "DERBENT",
    "DERBY",
    "DES MOINES (IA)",
    "DESAMPARADOS",
    "DESOK",
    "DETROIT (MI)",
    "DEWAS",
    "DEXING",
    "DEYANG",
    "DEZFUL",
    "DEZHOU",
    "DHAKA",
    "DHANBAD",
    "DHANGADHI",
    "DHARAN",
    "DHARMAVARAM",
    "DHULE",
    "DIADEMA",
    "DIBRUGARH",
    "DIGOS",
    "DIJON",
    "DILI",
    "DIMITROVGRAD",
    "DINAJPUR",
    "DINAPUR NIZAMAT",
    "DINDIGUL",
    "DINGZHOU",
    "DIOURBEL",
    "DIPOLOG",
    "DIVINOPOLIS",
    "DIWANIYA",
    "DIYARBAKIR",
    "DNEPRODZERZHINSK",
    "DNEPROPETROVSK",
    "DOBOJ",
    "DODOMA",
    "DOHA",
    "DOHAD",
    "DOMODEDOVO",
    "DONCASTER",
    "DONETSK (DONESTSKAYA OBLAST)",
    "DONGFANG",
    "DONGGANG",
    "DONGGUAN",
    "DONGSHENG",
    "DONGTAI",
    "DONGXING",
    "DONGYANG",
    "DONGYING",
    "DONOSTIA - SAN SEBASTIAN",
    "DORDRECHT",
    "DORI",
    "DORTMUND",
    "DORUD",
    "DOS HERMANAS",
    "DOSQUEBRADAS",
    "DOUALA",
    "DOUGLAS",
    "DOURADOS",
    "DOWNEY (CA)",
    "DRESDEN",
    "DROBETA TURNU-SEVERIN",
    "DUBLIN",
    "DUISBURG",
    "DUITAMA",
    "DUJIANGYAN",
    "DUMAGUETE",
    "DUMDUM",
    "DUMFRIES & GALLOWAY",
    "DUNDEE",
    "DUNEDIN",
    "DUNHUA",
    "DUNHUANG",
    "DUQUE DE CAXIAS",
    "DURAN",
    "DURANGO (VICTORIA DE DURANGO)",
    "DURBAN",
    "DURG",
    "DURG-BHILAI NAGAR",
    "DURGAPUR",
    "DURHAM (NC)",
    "DURRES",
    "DUSHANBE",
    "DUSSELDORF",
    "DUYUN",
    "DUZCE",
    "DZERZHINSK (NIZHEGORODSKAYA OBLAST)",
    "EAST AYRSHIRE",
    "EAST DUNBARTONSHIRE",
    "EAST LOS ANGELES (CA)",
    "EASTBOURNE",
    "EBETSU",
    "EBINA",
    "ECATEPEC (DE MORELOS)",
    "ECH CHELIFF (EL ASNAM)",
    "EDE",
    "EDEA",
    "EDINBURGH",
    "EDIRNE",
    "EDMONTON",
    "EFFON-ALAIYE",
    "EINDHOVEN",
    "EISENSTADT",
    "EKATERINBURG",
    "EKIBASTUZ",
    "EL ALTO",
    "EL BOULAIDA (BLIDA)",
    "EL DJELFA",
    "EL EULMA",
    "EL MONTE (CA)",
    "EL PASO (TX)",
    "EL SILENCIO",
    "EL TIGRE",
    "EL WAD",
    "EL-ARESH",
    "EL-HWAMDIA",
    "EL-KHOSOS",
    "EL-MAHALLA EL-KUBRA",
    "EL-MATARIA",
    "ELAZIG",
    "ELBLAG",
    "ELCHE",
    "ELDORET",
    "ELEKTROSTAL",
    "ELETS",
    "ELGIN (IL)",
    "ELISTA",
    "ELIZABETH (NJ)",
    "ELK GROVE (CA)",
    "ELURU",
    "EMBU",
    "EMEISHAN",
    "EMMEN",
    "ENAKIEVO (YENAKIEVO)",
    "ENGELS",
    "ENGLISH BAZAR",
    "ENPING",
    "ENSCHEDE",
    "ENSENADA",
    "ENSHI",
    "ENTERPRISE (NV)",
    "ENUGU",
    "ENVIGADO",
    "ERBIL",
    "EREGLI",
    "ERFURT",
    "ERIE (PA)",
    "ERLANGEN",
    "ERODE",
    "ERZURUM",
    "ESBJERG",
    "ESCONDIDO (CA)",
    "ESCUINTLA",
    "ESENTUKY",
    "ESFAHAN",
    "ESKISEHIR",
    "ESMERALDAS",
    "ESPOO",
    "ESSEN",
    "ETAH",
    "ETAWAH",
    "EUGENE (OR)",
    "EUNAPOLIS",
    "EVANSVILLE (IN)",
    "EVERETT (WA)",
    "EVPATORIYA (YEVPATORIYA)",
    "EXETER",
    "EZHOU",
    "FACATATIVA",
    "FADA N'GOURMA",
    "FAIRFIELD (CA)",
    "FAISALABAD (LYALLPUR)",
    "FAIYUM",
    "FAIZABAD",
    "FALKIRK",
    "FANGCHENGGANG",
    "FARGO (ND)",
    "FARIDABAD",
    "FARRUKHABAD-CUM-FATEGARH",
    "FASA",
    "FATEHPUR",
    "FAYETTEVILLE (NC)",
    "FEICHENG",
    "FEIRA DE SANTANA",
    "FENGCHENG (JIANGXI)",
    "FENGCHENG (LIAONING)",
    "FENGHUA",
    "FENGNAN",
    "FENGZHEN",
    "FENYANG",
    "FERGANA",
    "FERNANDO DE LA MORA",
    "FERRARA",
    "FERRAZ DE VASCONCELOS",
    "FIANARANTSOA",
    "FIFE",
    "FIRENZE",
    "FIROZABAD",
    "FLINT (MI)",
    "FLORENCIA",
    "FLORIANOPOLIS",
    "FLORIDABLANCA",
    "FOCSANI",
    "FOGGIA",
    "FONTANA (CA)",
    "FORLI",
    "FORMOSA",
    "FORT COLLINS (CO)",
    "FORT LAUDERDALE (FL)",
    "FORT WAYNE (IN)",
    "FORT WORTH (TX)",
    "FORT-DE-FRANCE",
    "FORTALEZA",
    "FOSHAN",
    "FOZ DO IGUACU",
    "FRANCA",
    "FRANCISCO MORATO",
    "FRANCISTOWN",
    "FRANCO DA ROCHA",
    "FRANKFURT AM MAIN",
    "FREDERIKSBERG",
    "FREETOWN",
    "FREIBURG IM BREISGAU",
    "FREMONT (CA)",
    "FRESNILLO",
    "FRESNO (CA)",
    "FRIBOURG",
    "FRISCO (TX)",
    "FU'AN",
    "FUCHU",
    "FUDING",
    "FUENLABRADA",
    "FUJI",
    "FUJIEDA",
    "FUJIMI",
    "FUJIMINO",
    "FUJIN",
    "FUJINOMIYA",
    "FUJISAWA",
    "FUKANG",
    "FUKAYA",
    "FUKUI",
    "FUKUOKA",
    "FUKUSHIMA",
    "FUKUYAMA",
    "FULLERTON (CA)",
    "FUNABASHI",
    "FUNAFUTI",
    "FUNCHAL",
    "FUQING",
    "FUQUAN",
    "FURTH",
    "FUSAGASUGA",
    "FUSHUN",
    "FUXIN",
    "FUYANG (ANHUI)",
    "FUYANG (ZHEJIANG)",
    "FUZHOU (FUJIAN)",
    "FUZHOU (JIANGXI)",
    "GABORONE",
    "GADAG-BETGERI",
    "GAINESVILLE (FL)",
    "GAIZHOU",
    "GAJUWAKA",
    "GALATI",
    "GANDHIDHAM",
    "GANDHINAGAR",
    "GANGANAGAR",
    "GANGAPUR CITY",
    "GANGAWATI",
    "GANGNEUNG (KANGNUNG)",
    "GANJA",
    "GANZHOU",
    "GAOAN",
    "GAOBEIDIAN",
    "GAOCHENG",
    "GAOMI",
    "GAOMING",
    "GAOPING",
    "GAOYAO",
    "GAOYOU",
    "GAOZHOU",
    "GAPAN",
    "GARANHUNS",
    "GARAPAN",
    "GARDEN GROVE (CA)",
    "GARISSA",
    "GARLAND (TX)",
    "GAROUA",
    "GARY (IN)",
    "GATINEAU",
    "GAYA",
    "GAZA",
    "GAZIANTEP",
    "GAZIPUR",
    "GBOKO",
    "GDANSK",
    "GDYNIA",
    "GEELONG",
    "GEERMU",
    "GEJIU",
    "GELEEN-SITTARD",
    "GELSENKIRCHEN",
    "GELUGOR",
    "GEN. MARIANO ALVAREZ",
    "GENERAL SAN MARTIN",
    "GENERAL SANTOS",
    "GENERAL TRIAS",
    "GENEVE",
    "GENHE",
    "GENOVA",
    "GENT (GAND)",
    "GEOJE",
    "GEORGE TOWN",
    "GEORGETOWN",
    "GERA",
    "GERGA",
    "GERMISTON",
    "GETAFE",
    "GHARDAIA",
    "GHATLODIYA",
    "GHAZIABAD",
    "GHAZIPUR",
    "GHILIZANE",
    "GIBRALTAR",
    "GIFU",
    "GIJON",
    "GILBERT (AZ)",
    "GIMCHEON",
    "GIMHAE (KIMHAE)",
    "GIMJE",
    "GINGOOG",
    "GIRESUN",
    "GIRIDIH",
    "GIRON",
    "GITARAMA",
    "GIUGLIANO IN CAMPANIA",
    "GIZA",
    "GLAN",
    "GLASGOW",
    "GLAZOV",
    "GLENDALE (AZ)",
    "GLENDALE (CA)",
    "GLIWICE",
    "GLOUCESTER",
    "GODHRA",
    "GOIANIA",
    "GOICOECHEA",
    "GOJRA",
    "GOLD COAST",
    "GOLD COAST-TWEED HEADS",
    "GOLESTAN (SOLTANABAD)",
    "GOMBE",
    "GOMEL",
    "GOMEZ PALACIO",
    "GONBAD-E-KAVUS",
    "GONDA",
    "GONDIYA",
    "GONGJU",
    "GONGYI",
    "GONGZHULING",
    "GORAKHPUR",
    "GORGAN",
    "GORLOVKA",
    "GOROM-GOROM",
    "GORONTALO",
    "GORZOW WIELKOPOLSKI",
    "GOTEBORG",
    "GOTTINGEN",
    "GOVERNADOR VALADARES",
    "GOYANG",
    "GRANADA",
    "GRAND PRAIRIE (TX)",
    "GRAND RAPIDS (MI)",
    "GRAND TURK",
    "GRAVATAI",
    "GRAZ",
    "GREATER ADELAIDE",
    "GREATER BRISBANE",
    "GREATER DARWIN",
    "GREATER HOBART",
    "GREATER MELBOURNE",
    "GREATER PERTH",
    "GREATER SUDBURY / GRAND SUDBURY",
    "GREATER SYDNEY",
    "GREATER WOLLONGONG",
    "GREEN BAY (WI)",
    "GREENSBORO (NC)",
    "GRENOBLE",
    "GRESHAM (OR)",
    "GRIMSBY/CLEETHORPES",
    "GRODNO",
    "GRONINGEN",
    "GROZNYI",
    "GRUDZIADZ",
    "GUACARA",
    "GUADALAJARA",
    "GUADALUPE, NUEVO LEON",
    "GUADALUPE, ZACATECAS",
    "GUAGUA",
    "GUANAJUATO",
    "GUANARE",
    "GUANGAN",
    "GUANGHAN",
    "GUANGSHUI",
    "GUANGYUAN",
    "GUANGZHOU",
    "GUANTANAMO",
    "GUARAPARI",
    "GUARAPUAVA",
    "GUARATINGUETA",
    "GUARENAS",
    "GUARUJA",
    "GUARULHOS",
    "GUATIRE",
    "GUAYAQUIL",
    "GUAYNABO",
    "GUBKIN",
    "GUDALAJARA DE BUGA",
    "GUDIVADA",
    "GUDIYATHAM",
    "GUEDIAWAYE",
    "GUELMA",
    "GUELPH",
    "GUIGANG",
    "GUILIN",
    "GUIMBA",
    "GUIPING",
    "GUIXI",
    "GUIYANG",
    "GUJIAO",
    "GUJRANWALA",
    "GUJRAT",
    "GULBARGA",
    "GULU",
    "GUMI (KUMI)",
    "GUNA",
    "GUNPO (KUNPO)",
    "GUNSAN (KUNSAN)",
    "GUNTAKUL",
    "GUNTUR",
    "GURGAON",
    "GURUVAYUR",
    "GUSAU",
    "GUWAHATI",
    "GWALIOR",
    "GWANGJU (KWANGCHU)",
    "GWANGMYEONG (KWANGMYONG)",
    "GWANGYANG",
    "GWERU",
    "GYEONGJU (KYONGJU)",
    "GYEONGSAN",
    "GYOR",
    "GYUMRI (LENINAKAN)",
    "HA KA",
    "HA'IL",
    "HAARLEM",
    "HAARLEMMERMEER",
    "HABIKINO",
    "HABRA",
    "HACHINOHE",
    "HACHIOJI",
    "HADANO",
    "HAEJU",
    "HAERBIN",
    "HAFAR AL-BATIN",
    "HAFIZABAD",
    "HAGEN",
    "HAGONOY",
    "HAICHENG",
    "HAIFA",
    "HAIKOU",
    "HAILAER",
    "HAILIN",
    "HAILUN",
    "HAIMEN",
    "HAINING",
    "HAIYANG",
    "HAJIPUR",
    "HAKODATE",
    "HAKUSAN",
    "HALDIA",
    "HALDWANI-CUM-KATHGODAM",
    "HALIFAX",
    "HALISAHAR",
    "HALLE",
    "HAMADAN",
    "HAMAMATSU",
    "HAMBURG",
    "HAMHUNG",
    "HAMI",
    "HAMILTON",
    "HAMM",
    "HAMPTON (VA)",
    "HANAMAKI",
    "HANCHENG",
    "HANCHUAN",
    "HANDA",
    "HANDAN",
    "HANGZHOU",
    "HANNOVER",
    "HANUMANGARH",
    "HANZHONG",
    "HAORA (HOWRAH)",
    "HAPUR",
    "HARARE",
    "HARDOI",
    "HARDWAR",
    "HARTFORD (CT)",
    "HASAVIURT",
    "HASSAN",
    "HASTINGS/BEXHILL",
    "HATAY",
    "HATHRAS",
    "HATSUKAICHI",
    "HAYWARD (CA)",
    "HAZARIBAG",
    "HEBI",
    "HEBRON",
    "HECHI",
    "HECHUAN",
    "HEERLEN-KERKRADE",
    "HEFEI",
    "HEGANG",
    "HEIDELBERG",
    "HEIHE",
    "HEILBRONN",
    "HEJIAN",
    "HEJIN",
    "HELONG",
    "HELSINGBORG",
    "HELSINKI",
    "HENDERSON (NV)",
    "HENGSHUI",
    "HENGYANG",
    "HEREDIA",
    "HERMOSILLO",
    "HERNE",
    "HEROICA GUAYMAS",
    "HEROICA NOGALES",
    "HESHAN (GUANGDONG)",
    "HESHAN (GUANGXI)",
    "HETIAN",
    "HEYUAN",
    "HEZE",
    "HEZHOU",
    "HIALEAH (FL)",
    "HIDALGO DEL PARRAL",
    "HIGASHIHIROSHIMA",
    "HIGASHIKURUME",
    "HIGASHIMURAYAMA",
    "HIGASHIOMI",
    "HIGASHIOSAKA",
    "HIGH POINT CITY (NC)",
    "HIGH WYCOMBE",
    "HIGHLAND",
    "HIGUEY",
    "HIKONE",
    "HILDESHEIM",
    "HILLA",
    "HIMAMAYLAN",
    "HIMEJI",
    "HINDUPUR",
    "HINO",
    "HIRAKATA",
    "HIRATSUKA",
    "HIROSAKI",
    "HIROSHIMA",
    "HISAR",
    "HITACHI",
    "HITACHINAKA",
    "HOBART",
    "HOFU",
    "HOLGUIN",
    "HOLLYWOOD (FL)",
    "HOLON",
    "HONG KONG SAR",
    "HONGHU",
    "HONGJIANG",
    "HONIARA",
    "HORTOLANDIA",
    "HOSHIARPUR",
    "HOSPET",
    "HOSPITALET DE LLOBREGAT",
    "HOUMA",
    "HOUSTON (TX)",
    "HOVSGOL",
    "HOYA",
    "HPA-AN",
    "HRADEC KRALOVE",
    "HUADIAN",
    "HUAIAN",
    "HUAIBEI",
    "HUAIHUA",
    "HUAINAN",
    "HUAIYIN",
    "HUANCAYO",
    "HUANGGANG",
    "HUANGHUA",
    "HUANGSHAN",
    "HUANGSHI (HUBEI)",
    "HUANUCO",
    "HUARAZ",
    "HUAYIN",
    "HUAYING",
    "HUAZHOU",
    "HUBLI-DHARWAD",
    "HUELVA",
    "HUGLI-CHINSURAH",
    "HUHEHAOTE",
    "HUICHON",
    "HUIXIAN",
    "HUIYANG",
    "HUIZHOU",
    "HULIN",
    "HULUDAO",
    "HUNCHUN",
    "HUNTINGTON BEACH (CA)",
    "HUNTSVILLE (AL)",
    "HUOZHOU",
    "HUZHOU",
    "HYDERABAD",
    "HYESAN",
    "IASI",
    "IBADAN",
    "IBAGUE",
    "IBARAKI",
    "IBARRA",
    "IBB",
    "IBIRITE",
    "ICA",
    "ICHALAKARANJI",
    "ICHEON",
    "ICHIHARA",
    "ICHIKAWA",
    "ICHINOMIYA",
    "ICHINOSEKI",
    "IFE",
    "IGA",
    "IGARASSU",
    "IGUALA (DE LA INDEPENDENCIA)",
    "IIDA",
    "IIZUKA",
    "IJEBU-ODE",
    "IKARE",
    "IKEDA",
    "IKIRE",
    "IKOMA",
    "IKORODU",
    "IKOT EKPENE",
    "IKSAN (IRI)",
    "ILAGAN",
    "ILAM",
    "ILAWE-EKITI",
    "ILESHA",
    "ILHEUS",
    "ILIGAN",
    "ILOILO",
    "ILOPANGO",
    "ILORIN",
    "IMABARI",
    "IMBABA",
    "IMPERATRIZ",
    "IMPHAL",
    "IMUS CITY",
    "INAZAWA",
    "INCHEON",
    "INDAIATUBA",
    "INDEPENDENCE (MO)",
    "INDIANAPOLIS (IN)",
    "INDORE",
    "INEGOL",
    "INGLEWOOD (CA)",
    "INGOLSTADT",
    "INNSBRUCK",
    "IPATINGA",
    "IPIALES",
    "IPSWICH",
    "IQUIQUE",
    "IQUITOS",
    "IRACLION",
    "IRANSHAHR",
    "IRAPUATO",
    "IRBID",
    "IRIGA",
    "IRKUTSK",
    "IRUMA",
    "IRVINE (CA)",
    "IRVING (TX)",
    "ISAHAYA",
    "ISE",
    "ISEHARA",
    "ISESAKI",
    "ISEYIN",
    "ISHINOMAKI",
    "ISKENDERUN",
    "ISLAM SHAHR (QASEMABAD)",
    "ISLAMABAD",
    "ISMAILIA",
    "ISPARTA",
    "ISTANBUL",
    "ITABIRAI",
    "ITABORAI",
    "ITABUNA",
    "ITAGUAI",
    "ITAGUI",
    "ITAJAI",
    "ITAMI",
    "ITAPECERICA DA SERRA",
    "ITAPETININGA",
    "ITAPEVI",
    "ITAPIPOCA",
    "ITAQUAQUECETUBA",
    "ITARSI",
    "ITATIBA",
    "ITU",
    "IVANO-FRANKOVSK",
    "IVANOVO",
    "IWAKI",
    "IWAKUNI",
    "IWATA",
    "IWATSUKI",
    "IWO",
    "IXTAPALUCA",
    "IZEH",
    "IZHEVSK",
    "IZMIR",
    "IZUMI (OSAKA)",
    "IZUMISANO",
    "IZUMO",
    "JABALPUR",
    "JABALYA",
    "JABOATAO DOS GUARAPES",
    "JACAREI",
    "JACKSON (MS)",
    "JACKSONVILLE (FL)",
    "JACOBABAD",
    "JAEN",
    "JAGADHRI",
    "JAGDALPUR",
    "JAHROM",
    "JAIPUR",
    "JAKARTA",
    "JALANDHAR",
    "JALEEB AL-SHUYKH",
    "JALGAON",
    "JALNA",
    "JALPAIGURI",
    "JAMALPUR",
    "JAMBI",
    "JAMESTOWN",
    "JAMMU",
    "JAMNAGAR",
    "JAMSHEDPUR",
    "JAMURIA",
    "JANDIRA",
    "JARAGUA DO SUL",
    "JARANWALA",
    "JASTRZEBIE-ZDROJ",
    "JAU",
    "JAUNPUR",
    "JAYAPURA",
    "JECHEON (CHECHON)",
    "JEJU (CHEJU)",
    "JENA",
    "JEONGEUP",
    "JEONJU (CHONCHU)",
    "JEQUIE",
    "JEREZ DE LA FRONTERA",
    "JERSEY CITY (NJ)",
    "JERUSALEM",
    "JESSORE",
    "JETPUR NAVAGADH",
    "JHANG",
    "JHANSI",
    "JHELUM",
    "JHUNJHUNUN",
    "JI'AN (JIANGXI)",
    "JI-PARANA",
    "JIAMUSI",
    "JIAN (JILIN)",
    "JIANDE",
    "JIANGDU",
    "JIANGJIN",
    "JIANGMEN",
    "JIANGSHAN",
    "JIANGYAN",
    "JIANGYIN",
    "JIANGYOU",
    "JIANOU",
    "JIANYANG (FUJIAN)",
    "JIANYANG (SICHUAN)",
    "JIAOHE",
    "JIAONAN",
    "JIAOZHOU",
    "JIAOZUO",
    "JIAXING",
    "JIAYUGUAN",
    "JIDDAH",
    "JIESHOU",
    "JIEXIU",
    "JIEYANG",
    "JIJEL",
    "JILIN",
    "JIMETA",
    "JIMO",
    "JINAN",
    "JINCHANG",
    "JINCHENG",
    "JIND",
    "JINGDEZHEN",
    "JINGGANGSHAN",
    "JINGHONG",
    "JINGJIANG",
    "JINGMEN",
    "JINGZHOU",
    "JINHAE (CHINHAE)",
    "JINHUA",
    "JINING (INNER MONGOLIA)",
    "JINING (SHANDONG)",
    "JINJIANG",
    "JINJU (CHINJU)",
    "JINSHI",
    "JINTAN",
    "JINZHONG",
    "JINZHOU (HEBEI)",
    "JINZHOU (LIAONING)",
    "JIROFT",
    "JISHOU",
    "JIUJIANG",
    "JIUQUAN",
    "JIUTAI",
    "JIUTEPEC",
    "JIXI",
    "JIYUAN",
    "JIZAN",
    "JIZHOU",
    "JOAO PESSOA",
    "JODHPUR",
    "JOETSU",
    "JOHANNESBURG",
    "JOINVILLE",
    "JOLIET (IL)",
    "JOLO",
    "JONGJU",
    "JONKOPING",
    "JORHAT",
    "JOS",
    "JUAREZ",
    "JUAZEIRO",
    "JUAZEIRO DO NORTE",
    "JUBA",
    "JUIZ DE FORA",
    "JULIACA",
    "JUNAGADH",
    "JUNDIAI",
    "JURONG",
    "JYVASKYLA",
    "KABANKALAN",
    "KABWE",
    "KADAMRASUL",
    "KADHIMAIN",
    "KADOMA",
    "KADUNA",
    "KAECHON",
    "KAESONG",
    "KAFR-EL-DWAR",
    "KAGOSHIMA",
    "KAHRAMANMARAS",
    "KAIFENG",
    "KAILI",
    "KAIPING",
    "KAISERSLAUTERN",
    "KAITHAL",
    "KAIYUAN (LIAONING)",
    "KAIYUAN (YUNNAN)",
    "KAJANG DAN SUNGAI CHUA",
    "KAKAMIGAHARA",
    "KAKEGAWA",
    "KAKINADA",
    "KAKOGAWA",
    "KALASIN",
    "KALININGRAD (KALININGRADSKAYA OBLAST)",
    "KALISZ",
    "KALOL",
    "KALOOKAN (CALOOCAN)",
    "KALUGA",
    "KALUOP",
    "KALYAN",
    "KAMAGAYA",
    "KAMAKURA",
    "KAMAL SHAHR",
    "KAMARHATI",
    "KAMENSK-URALSKY",
    "KAMOKE",
    "KAMPALA",
    "KAMPHAENG PHET",
    "KAMPTEE",
    "KAMYANETSK PODILSKY",
    "KAMYSHIN",
    "KANAZAWA",
    "KANCHANABURI",
    "KANCHEEPURAM",
    "KANCHRAPARA",
    "KANDY",
    "KANGGYE",
    "KANHANGAD",
    "KANKAN",
    "KANNUR",
    "KANO",
    "KANOYA",
    "KANPUR",
    "KANSAS CITY (KS)",
    "KANSAS CITY (MO)",
    "KANSK",
    "KANUMA",
    "KAOLACK",
    "KAPRA",
    "KARABUK",
    "KARACHI",
    "KARAGANDA",
    "KARAIKKUDI",
    "KARAJ",
    "KARAMAN",
    "KARATSU",
    "KARAWAL NAGAR",
    "KARIMNAGAR",
    "KARIYA",
    "KARLSRUHE",
    "KARNAL",
    "KARRADAH SHARQIYAH",
    "KARSHI",
    "KARUR",
    "KASAMA",
    "KASHAN",
    "KASHI (XINJIANG)",
    "KASHIHARA",
    "KASHIWA",
    "KASPIYSK",
    "KASSEL",
    "KASUGA",
    "KASUGAI",
    "KASUKABE",
    "KASUR",
    "KATHLEHONG",
    "KATHMANDU",
    "KATIHAR",
    "KATOWICE",
    "KATSINA",
    "KAUNAS",
    "KAWACHINAGANO",
    "KAWAGOE",
    "KAWAGUCHI",
    "KAWANISHI",
    "KAWASAKI",
    "KAYA",
    "KAYSERI",
    "KAZAN",
    "KAZO",
    "KECSKEMET",
    "KEDIRI",
    "KELAMAYI",
    "KELOWNA",
    "KEMEROVO",
    "KEMPTON PARK",
    "KENA",
    "KERBALA",
    "KERMAN",
    "KERMANSHAH",
    "KERTCH",
    "KHABAROVSK",
    "KHAIRPUR",
    "KHAMIS MUSHAYT",
    "KHAMMAM",
    "KHAN YUNIS",
    "KHANDWA",
    "KHANEWAL",
    "KHANNA",
    "KHANPUR",
    "KHARAGPUR",
    "KHARDAHA",
    "KHARGONE",
    "KHARKOV",
    "KHAYELITSA",
    "KHERSON",
    "KHIMKI",
    "KHMELNITSKY (HMILNYK)",
    "KHOMEINI SHAHR",
    "KHON KAEN",
    "KHORAMABAD",
    "KHORAMSHAHR",
    "KHOY",
    "KHUJAND",
    "KHULNA",
    "KIDAPAWAN",
    "KIEL",
    "KIELCE",
    "KIEV",
    "KIGALI",
    "KIKUYU",
    "KILLEEN (TX)",
    "KIM CHAEK",
    "KIMBERLEY",
    "KINDIA",
    "KINGSTON",
    "KINGSTON-UPON-HULL",
    "KINGSTOWN",
    "KIRARI SULEMAN NAGAR",
    "KIRIKKALE",
    "KIRISHIMA",
    "KIRKUK",
    "KIROV",
    "KIROVOGRAD",
    "KIRSEHIR",
    "KIRYU",
    "KISARAZU",
    "KISELEVSK",
    "KISHANGARH",
    "KISHIWADA",
    "KISLOVODSK",
    "KISUMU",
    "KITAKYUSHU",
    "KITAMI",
    "KITCHENER-CAMBRIDGE-WATERLOO",
    "KITWE",
    "KIZILTEPE",
    "KLAGENFURT",
    "KLAIPEDA",
    "KLANG",
    "KLUANG",
    "KNOXVILLE (TN)",
    "KOBE",
    "KOBENHAVN",
    "KOBLENZ",
    "KOCAELI",
    "KOCH BIHAR",
    "KOCHI",
    "KODAIRA",
    "KOFU",
    "KOGA",
    "KOGANEI",
    "KOHAT",
    "KOKAND",
    "KOKTSHETAU",
    "KOKUBUNJI",
    "KOLAR",
    "KOLHAPUR",
    "KOLKATA (CALCUTTA)",
    "KOLLAM",
    "KOLN",
    "KOLOMNA",
    "KOMAKI",
    "KOMATSU",
    "KOMSOMOLSK-NA-AMURE",
    "KONOSU",
    "KONYA",
    "KOPEYSK",
    "KORBA",
    "KORHOGO",
    "KORIYAMA",
    "KOROLEV (MOSKOVSKAYA OBLAST)",
    "KORONADAL",
    "KOROR",
    "KOSHIGAYA",
    "KOSICE",
    "KOSTROMA",
    "KOSZALIN",
    "KOTA",
    "KOTA KINABALU",
    "KOTHAGUDEM",
    "KOTTAYAM",
    "KOUDOUGOU",
    "KOUSSERI",
    "KOVROV",
    "KOZHIKODE",
    "KRABI",
    "KRAGUJEVAC",
    "KRAKOW",
    "KRALJEVO",
    "KRAMATORSK",
    "KRASNODAR",
    "KRASNOGORSK",
    "KRASNOYARSK",
    "KRASNY LUTCH",
    "KREFELD",
    "KREMENTCHUG",
    "KRISHNANAGAR",
    "KRISHNARAJAPURA",
    "KRUSEVAC",
    "KRYVY RIG",
    "KUALA LUMPUR",
    "KUALA TERENGGANU",
    "KUANTAN",
    "KUCHING",
    "KUERLE",
    "KUITUN",
    "KUKATPALLE",
    "KUKI",
    "KULAI",
    "KULIM",
    "KULTI",
    "KUMAGAYA",
    "KUMAMOTO",
    "KUMANOVO",
    "KUMASI",
    "KUMBA",
    "KUMBAKONAM",
    "KUNMING",
    "KUNSHAN",
    "KUOPIO",
    "KURASHIKI",
    "KURE",
    "KURGAN",
    "KURNOOL",
    "KURSK",
    "KURUME",
    "KUSATSU",
    "KUSHIRO",
    "KUSONG",
    "KUSTANAI",
    "KUT",
    "KUTAHYA",
    "KUTAISI",
    "KUWAIT CITY",
    "KUWANA",
    "KYOTO",
    "KYZYL",
    "KYZYLORDA",
    "LA CEIBA",
    "LA CORUNA",
    "LA HABANA",
    "LA MATANZA",
    "LA PAZ",
    "LA PAZ, BAJA CALIFORNIA SUR",
    "LA PAZ, DISTRITO FEDERAL",
    "LA PIEDAD",
    "LA PLATA",
    "LA RIOJA",
    "LA ROMANA",
    "LA SERENA",
    "LA TRINIDAD",
    "LA UNION",
    "LA VEGA",
    "LABE",
    "LAFAYETTE (LA)",
    "LAGES",
    "LAGOS",
    "LAHAD DATU",
    "LAHORE",
    "LAHTI",
    "LAIWU",
    "LAIXI",
    "LAIYANG",
    "LAIZHOU",
    "LAKEWOOD (CO)",
    "LAKHIMPUR",
    "LAL BAHADUR NAGAR",
    "LALITPUR",
    "LAMBARE",
    "LAMPANG",
    "LAMPHUN",
    "LANCASTER (CA)",
    "LANGFANG",
    "LANGZHONG",
    "LANSING (MI)",
    "LANUS",
    "LANXI",
    "LANZHOU",
    "LAOAG",
    "LAOHEKOU",
    "LAPU-LAPU",
    "LAREDO (TX)",
    "LARISSA",
    "LARKANA",
    "LAS PALMAS DE GRAN CANARIA",
    "LAS PINAS",
    "LAS TUNAS",
    "LAS VEGAS (NV)",
    "LASA",
    "LATINA",
    "LATUR",
    "LAUNCESTON",
    "LAURO DE FREITAS",
    "LAUSANNE",
    "LAVAL",
    "LAZARO CARDENAS",
    "LE HAVRE",
    "LE MANS",
    "LECHANG",
    "LEGANES",
    "LEGAZPI",
    "LEGNICA",
    "LEICESTER",
    "LEIDEN",
    "LEIPZIG",
    "LEIYANG",
    "LEIZHOU",
    "LELING",
    "LEMDIYYA (MEDEA)",
    "LENGSHUIJIANG",
    "LENINSK-KUZNETSKY",
    "LEON",
    "LEON (DE LOS ALDAMA)",
    "LEPING",
    "LEQING",
    "LESHAN",
    "LESKOVAC",
    "LEVERKUSEN",
    "LEVIS V",
    "LEWISVILLE (TX)",
    "LEXINGTON-FAYETTE (KY)",
    "LIANJIANG",
    "LIANYUAN",
    "LIANYUNGANG",
    "LIANZHOU",
    "LIAOCHENG",
    "LIAOYANG",
    "LIAOYUAN",
    "LIBEREC",
    "LIBMANAN",
    "LIBREVILLE",
    "LICHUAN",
    "LIDA",
    "LIEGE (LUIK)",
    "LILING",
    "LILLE",
    "LILOAN",
    "LILONGWE",
    "LIMA",
    "LIMEIRA",
    "LIMOGES",
    "LIMON",
    "LINAN",
    "LINCOLN",
    "LINCOLN (NE)",
    "LINFEN",
    "LINGBAO",
    "LINGHAI",
    "LINGWU",
    "LINGYUAN",
    "LINHAI",
    "LINHARES",
    "LINHE",
    "LINJIANG",
    "LINKOPING",
    "LINQING",
    "LINXIA",
    "LINXIANG",
    "LINYI",
    "LINZ",
    "LINZHOU",
    "LIPA",
    "LIPETSK",
    "LISBOA",
    "LISHI",
    "LISHUI",
    "LITTLE ROCK (AR)",
    "LIUPANSHUI",
    "LIUYANG",
    "LIUZHOU",
    "LIVERPOOL",
    "LIVINGSTONE",
    "LIVONIA (MI)",
    "LIVORNO",
    "LIYANG",
    "LJUBLJANA",
    "LLEIDA",
    "LODZ",
    "LOEI",
    "LOGRONO",
    "LOIKAW",
    "LOJA",
    "LOMAS DE ZAMORA",
    "LONDON",
    "LONDRINA",
    "LONG BEACH (CA)",
    "LONGHAI",
    "LONGJING",
    "LONGKOU",
    "LONGQUAN",
    "LONGUEUIL",
    "LONGYAN",
    "LONI",
    "LOP BURI",
    "LORICA",
    "LOS ALCARRIZOS",
    "LOS ANGELES",
    "LOS ANGELES (CA)",
    "LOS BANOS",
    "LOS GUAYOS",
    "LOS MOCHIS",
    "LOS TEQUES",
    "LOUDI",
    "LOUISVILLE (KY)",
    "LOWELL (MA)",
    "LOWER HUTT",
    "LU'AN",
    "LUANSHYA",
    "LUBAO",
    "LUBBOCK (TX)",
    "LUBECK",
    "LUBLIN",
    "LUCENA CITY",
    "LUCHENG",
    "LUCKNOW",
    "LUDHIANA",
    "LUDWIGSHAFEN AM RHEIN",
    "LUFENG",
    "LUGANO",
    "LUGANSK",
    "LULEBURGAZ",
    "LUODING",
    "LUOHE",
    "LUOYANG",
    "LUQUAN",
    "LUQUE",
    "LUSAKA",
    "LUTON/DUNSTABLE",
    "LUTSK",
    "LUXEMBOURG-VILLE",
    "LUXER",
    "LUXI (YUNNAN)",
    "LUZERN",
    "LUZHOU",
    "LUZIANIA",
    "LVOV",
    "LYON",
    "LYSYCHANSK",
    "LYUBERTSY",
    "M'SILA",
    "MA'ANSHAN",
    "MAASTRICHT",
    "MABALACAT",
    "MACAE",
    "MACAO",
    "MACAPA",
    "MACEIO",
    "MACHALA",
    "MACHENG",
    "MACHIDA",
    "MACHILIPATNAM",
    "MADANAPALLE",
    "MADHYAMGRAM",
    "MADISON (WI)",
    "MADIUN",
    "MADRID",
    "MADURAI",
    "MAE HONG SON",
    "MAEBASHI",
    "MAGADAN",
    "MAGALANG",
    "MAGANGUE",
    "MAGDEBURG",
    "MAGE",
    "MAGELANG",
    "MAGNITOGORSK",
    "MAGWAY",
    "MAHA SARAKHAM",
    "MAHABAD",
    "MAHADEVAPURA",
    "MAHAJANGA",
    "MAHBUBNAGAR",
    "MAHESANA",
    "MAHESHTALA",
    "MAICAO",
    "MAIDUGURI",
    "MAIKOP",
    "MAINPURI",
    "MAINZ",
    "MAJNOON",
    "MAJURO",
    "MAKASAR (UJUNG PANDANG)",
    "MAKATI",
    "MAKEYEVKA",
    "MAKHACHKALA",
    "MAKKAH",
    "MAKURDI",
    "MALABALAY",
    "MALABO",
    "MALABON",
    "MALAGA",
    "MALAKAL",
    "MALANG",
    "MALAPPURAM",
    "MALARD",
    "MALASIQUI",
    "MALATYA",
    "MALAWE",
    "MALAYER",
    "MALE",
    "MALEGAON",
    "MALERKOTLA",
    "MALITA",
    "MALKAJGIRI",
    "MALMO",
    "MALOLOS",
    "MANADO",
    "MANAGUA",
    "MANAMA",
    "MANAUS",
    "MANCHERIAL",
    "MANCHESTER",
    "MANCHESTER (NH)",
    "MANDALAY",
    "MANDALUYONG",
    "MANDAUE",
    "MANDSAUR",
    "MANDYA",
    "MANGALORE",
    "MANGAUNG",
    "MANGO",
    "MANGORA",
    "MANILA",
    "MANISA",
    "MANIZALES",
    "MANNHEIM",
    "MANSFIELD",
    "MANSURA",
    "MANTA",
    "MANUKAU",
    "MANZANILLO",
    "MANZHOULI",
    "MAOMING",
    "MAPUTO",
    "MAR DEL PLATA-BATAN",
    "MARABA",
    "MARACAIBO",
    "MARACANAU",
    "MARACAY",
    "MARADI",
    "MARAND",
    "MARANGUAPE",
    "MARAQEH",
    "MARAWI",
    "MARBELLA",
    "MARDAN",
    "MARGILAN",
    "MARIBOR",
    "MARICA",
    "MARIEHAMN",
    "MARIKINA",
    "MARILAO",
    "MARILIA",
    "MARINGA",
    "MARITUBA",
    "MARIUPOL",
    "MARIVAN",
    "MARIVELES",
    "MARKHAM",
    "MAROUA",
    "MARSEILLE",
    "MARUGAME",
    "MARVADSHT",
    "MASAN",
    "MASERU",
    "MASHHAD",
    "MASJED SOLEYMAN",
    "MATAMOROS",
    "MATANZAS",
    "MATARAM",
    "MATARO",
    "MATHURA",
    "MATI",
    "MATOLA",
    "MATROUH",
    "MATSUBARA",
    "MATSUDO",
    "MATSUE",
    "MATSUMOTO",
    "MATSUSAKA",
    "MATSUYAMA",
    "MATURIN",
    "MAUA",
    "MAUNATH BHANJAN",
    "MAVOKO/ATHIRIVER",
    "MAWLAMYINE",
    "MAZATLAN",
    "MB IPOH",
    "MB JOHOR BAHRU",
    "MBABANE",
    "MBEYA",
    "MBOUR",
    "MCALLEN (TX)",
    "MCKINNEY CITY (TX)",
    "MEDAN",
    "MEDELLIN",
    "MEDINIPUR",
    "MEERUT",
    "MEIHEKOU",
    "MEISHAN",
    "MEIZHOU",
    "MEJICANOS",
    "MELAKA",
    "MELBOURNE",
    "MELITOPOL",
    "MEMPHIS (TN)",
    "MENDOZA",
    "MENIA",
    "MERIDA",
    "MERSIN",
    "MESA (AZ)",
    "MESQUITA",
    "MESQUITE (TX)",
    "MESSINA",
    "MESTGHANEM (MOSTAGANEM)",
    "MET GHAMR",
    "META-UTU",
    "METAIRIE (LA)",
    "METZ",
    "MEXICALI",
    "MEXICO",
    "MEXICO, CIUDAD DE",
    "MEYCAUAYAN",
    "MEZHDURECHENSK",
    "MIAMI (FL)",
    "MIAMI GARDENS (FL)",
    "MIANDOAB",
    "MIANYANG",
    "MIANZHU",
    "MIASS",
    "MIDLAND CITY (TX)",
    "MIDSAYAP",
    "MIHARA",
    "MILAGRO",
    "MILANO",
    "MILTON KEYNES",
    "MILUO",
    "MILWAUKEE (WI)",
    "MINATITLAN",
    "MINGGUANG",
    "MINGLANILLA",
    "MINNA",
    "MINNEAPOLIS (MN)",
    "MINOH",
    "MINSK",
    "MIQUAN",
    "MIRA-BHAYANDAR",
    "MIRAMAR (FL)",
    "MIRI",
    "MIRPUR KHAS",
    "MIRYANG",
    "MIRZAPUR-CUM-VINDHYACHAL",
    "MISATO",
    "MISHAN",
    "MISHIMA",
    "MISKOLC",
    "MISSISSAUGA",
    "MITAKA",
    "MITO",
    "MIXCO",
    "MIYAKONOJO",
    "MIYAZAKI",
    "MOBILE (AL)",
    "MOCA",
    "MOCUBA",
    "MODENA",
    "MODESTO (CA)",
    "MODINAGAR",
    "MOERS",
    "MOGA",
    "MOGILEV",
    "MOHAMMAD SHAHR",
    "MOJI DAS CRUZES",
    "MOJI-GUACU",
    "MOJOKERTO",
    "MOKPO",
    "MOMBASA",
    "MONACO",
    "MONCHENGLADBACH",
    "MONCLOVA",
    "MONCTON",
    "MONROVIA",
    "MONTEGO BAY",
    "MONTERIA",
    "MONTERREY",
    "MONTES CLAROS",
    "MONTEVIDEO",
    "MONTGOMERY (AL)",
    "MONTPELLIER",
    "MONTREAL",
    "MONTREUIL",
    "MONYWA",
    "MONZA",
    "MORADABAD",
    "MORATUWA",
    "MORELIA",
    "MORENA",
    "MORENO VALLEY (CA)",
    "MORIGUCHI",
    "MORIOKA",
    "MORMUGOA",
    "MOROGORO",
    "MOROLEON - URIANGATO",
    "MORON",
    "MORONI",
    "MORVI",
    "MOSKVA",
    "MOSSORO",
    "MOSTAR",
    "MOSTOLES",
    "MOSUL",
    "MOTIHARI",
    "MOZIR",
    "MP KOTA BHARU",
    "MUBI",
    "MUDANJIANG",
    "MUFULIRA",
    "MUGHALSARAI",
    "MUKDAHAN",
    "MULHEIM AN DER RUHR",
    "MULHOUSE",
    "MULING",
    "MULTAN",
    "MUMBAI (BOMBAY)",
    "MUNCHEN",
    "MUNGER",
    "MUNSTER (WESTF.)",
    "MUNTINLUPA",
    "MURCIA",
    "MURFREESBORO (TN)",
    "MURIAE",
    "MURIDKE",
    "MURMANSK",
    "MUROM",
    "MURORAN",
    "MURRIETA (CA)",
    "MURWARA (KATNI)",
    "MUSASHINO",
    "MUSCAT",
    "MUTARE",
    "MUTRAH",
    "MUZAFFARGHARH",
    "MUZAFFARNAGAR",
    "MUZAFFARPUR",
    "MWANZA",
    "MYITKYINA",
    "MYKOLAIV (NIKOLAEVSKAYA OBLAST)",
    "MYMENSINGH",
    "MYSORE",
    "MYTISHCHI",
    "N'DJAMENA",
    "NABADWIP",
    "NABEREZHNYE TCHELNY",
    "NABLUS",
    "NACALA",
    "NADIAD",
    "NAGA (CAMARINES SUR)",
    "NAGA (CEBU)",
    "NAGAHAMA",
    "NAGANO",
    "NAGAOKA",
    "NAGAON",
    "NAGAREYAMA",
    "NAGASAKI",
    "NAGERCOIL",
    "NAGOYA",
    "NAGPUR",
    "NAGUANAGUA",
    "NAHA",
    "NAIHATI",
    "NAIROBI",
    "NAJAF",
    "NAJAFABAD",
    "NAJRAN (ABA AS-SUUD)",
    "NAKHODKA",
    "NAKHON NAYOK",
    "NAKHON PATHOM",
    "NAKHON PHANOM",
    "NAKHON RATCHASIMA",
    "NAKHON SAWAN",
    "NAKHON SI THAMMARAT",
    "NAKURU",
    "NALA SOPARA",
    "NALGONDA",
    "NALTCHIK",
    "NAMANGAN",
    "NAMPHO",
    "NAMPULA",
    "NAMUR",
    "NAN",
    "NANAN",
    "NANCHANG",
    "NANCHONG",
    "NANCHUAN",
    "NANCY",
    "NANDED",
    "NANDYAL",
    "NANGLOI JAT",
    "NANGONG",
    "NANHAI",
    "NANJING",
    "NANKANG",
    "NANNING",
    "NANPING",
    "NANTES",
    "NANTONG",
    "NANXIONG",
    "NANYANG",
    "NAOGAON",
    "NAPERVILLE (IL)",
    "NAPIER-HASTINGS",
    "NAPOLI",
    "NARA",
    "NARASHINO",
    "NARATHIWAT",
    "NARAYANGANJ",
    "NARITA",
    "NARSINGDI",
    "NASARIYA",
    "NASHIK",
    "NASHVILLE-DAVIDSON (TN)",
    "NASIM SHAHR",
    "NASSAU",
    "NASUGBU",
    "NASUSHIOBARA",
    "NATAL",
    "NAUCALPAN DE JUAREZ",
    "NAVGHAR-MANIKPUR",
    "NAVI MUMBAI (NEW BOMBAY)",
    "NAVOI",
    "NAVOJOA",
    "NAVOTAS",
    "NAVSARI",
    "NAWABGANJ",
    "NAWABSHAH",
    "NAY PYI TAW",
    "NAZAR ABAD",
    "NAZILLI",
    "NAZRAN",
    "NDOLA",
    "NEEMUCH",
    "NEFTEKAMSK",
    "NEFTEYUGANSK",
    "NEGOMBO",
    "NEHE",
    "NEIJIANG",
    "NEIVA",
    "NELLORE",
    "NETANYA",
    "NETZAHUALCOYOTL",
    "NEUQUEN-PLOTTIER",
    "NEUSS",
    "NEVINNOMYSSK",
    "NEW DELHI",
    "NEW HAVEN (CT)",
    "NEW ORLEANS (LA)",
    "NEW YORK (NY)",
    "NEWARK (NJ)",
    "NEWCASTLE",
    "NEWCASTLE-MAITLAND",
    "NEWPORT",
    "NEWPORT NEWS (VA)",
    "NEYAGAWA",
    "NEYSHABUR",
    "NEYVELI",
    "NGAOUNDERE",
    "NGONG",
    "NIAMEY",
    "NICE",
    "NIGDE",
    "NIIGATA",
    "NIIHAMA",
    "NIIZA",
    "NIJMEGEN",
    "NIKOPOL",
    "NILOPOLIS",
    "NIMES",
    "NINGAN",
    "NINGBO",
    "NINGDE",
    "NINGGUO",
    "NIS",
    "NISHINOMIYA",
    "NISHIO",
    "NISHITOKYO",
    "NITEROI",
    "NIZAMABAD",
    "NIZHNEKAMSK",
    "NIZHNEVARTOVSK",
    "NIZHNY NOVGOROD",
    "NIZHNY TAGIL",
    "NKONGSAMBA",
    "NNEWI",
    "NOBEOKA",
    "NODA",
    "NOGINSK",
    "NOIDA",
    "NONG BUA LAM PHU",
    "NONG KHAI",
    "NONSAN",
    "NONTHABURI",
    "NORFOLK (VA)",
    "NORILSK",
    "NORMAN (OK)",
    "NORRKOPING",
    "NORTH AYRSHIRE",
    "NORTH BARRACKPUR",
    "NORTH CHARLESTON (SC)",
    "NORTH DUMDUM",
    "NORTH LANARKSHIRE",
    "NORTH LAS VEGAS (NV)",
    "NORTH SHORE",
    "NORTHAMPTON",
    "NORWALK (CA)",
    "NORWICH",
    "NORZAGARAY",
    "NOSSA SENHORA DO SOCORRO",
    "NOTTINGHAM",
    "NOUAKCHOTT",
    "NOUMEA",
    "NOVA FRIBURGO",
    "NOVA IGUACU",
    "NOVARA",
    "NOVI SAD",
    "NOVO HAMBURGO",
    "NOVOCHEBOKSARSK",
    "NOVOCHERKASSK",
    "NOVOKUYBISHEVSK",
    "NOVOKUZNETSK",
    "NOVOMOSKOVSK (TULSKAYA OBLAST)",
    "NOVOPOLOTSK",
    "NOVOROSSIYSK",
    "NOVOSHAKHTINSK",
    "NOVOSIBIRSK",
    "NOVOTROITSK",
    "NOVY URENGOY",
    "NOYABRSK",
    "NUEVO LAREDO",
    "NUKU'ALOFA",
    "NUKUS",
    "NULL",
    "NUMAZU",
    "NUNEATON",
    "NURNBERG",
    "NUUK (GODTHAB)",
    "NYIREGYHAZA",
    "NZEREKORE",
    "OAKLAND (CA)",
    "OAKVILLE",
    "OAXACA DE JUAREZ",
    "OBERHAUSEN",
    "OBIHIRO",
    "OBNINSK",
    "OCEANSIDE (CA)",
    "OCOTLAN",
    "OCUMARE DEL TUY",
    "ODAWARA",
    "ODENSE",
    "ODESSA",
    "ODESSA (TX)",
    "ODINTSOVO",
    "OFFENBACH AM MAIN",
    "OGAKI",
    "OGBOMOSHO",
    "OITA",
    "OKARA",
    "OKAYAMA",
    "OKAZAKI",
    "OKENE",
    "OKINAWA",
    "OKLAHOMA CITY (OK)",
    "OKPOGHO",
    "OKTYABRSKY",
    "OLATHE (KS)",
    "OLDENBURG",
    "OLINDA",
    "OLOMOUC",
    "OLONGAPO",
    "OLSZTYN",
    "OLTEN-ZOFINGEN",
    "OMAHA (NE)",
    "OME",
    "OMIYA",
    "OMSK",
    "OMUTA",
    "ONDO",
    "ONGOLE",
    "ONITSHA",
    "ONOMICHI",
    "ONTARIO (CA)",
    "OPOLE",
    "ORADEA",
    "ORAI",
    "ORANGE (CA)",
    "ORANJESTAD",
    "ORDU",
    "OREBRO",
    "OREKHOVO-ZUEVO",
    "OREL",
    "ORENBURG",
    "ORIZABA",
    "ORLANDO (FL)",
    "ORLEANS",
    "ORMOC",
    "ORSHA",
    "ORSK",
    "ORUMIYEH",
    "ORURO",
    "OSAKA",
    "OSAKI",
    "OSASCO",
    "OSH",
    "OSHAWA",
    "OSHOGBO",
    "OSHU",
    "OSIJEK",
    "OSLO",
    "OSMANIYE",
    "OSNABRUCK",
    "OSORNO",
    "OSTRAVA",
    "OTA",
    "OTARU",
    "OTSU",
    "OTTAWA",
    "OTTAWA - GATINEAU",
    "OUAGADOUGOU",
    "OUAHIGOUYA",
    "OULU",
    "OURENSE",
    "OURINHOS",
    "OVERLAND PARK (KS)",
    "OVIEDO",
    "OVORHANGAY",
    "OWERRI",
    "OWO",
    "OXFORD",
    "OXNARD (CA)",
    "OYAMA",
    "OYO",
    "OZAMIS",
    "OZHUKARAI",
    "PABNA",
    "PACHUCA (DE SOTO)",
    "PACO DO LUMIAR",
    "PADANG",
    "PADERBORN",
    "PADOVA",
    "PAGADIAN",
    "PAGO PAGO",
    "PAKALONGAN",
    "PAKANBARU",
    "PAKDASHT",
    "PAKPATTAN",
    "PALAKKAD",
    "PALANGKARAYA",
    "PALANPUR",
    "PALEMBANG",
    "PALERMO",
    "PALHOCA",
    "PALI",
    "PALIKIR",
    "PALLAVARAM",
    "PALM BAY CITY (FL)",
    "PALMA",
    "PALMA DE MALLORCA",
    "PALMAS",
    "PALMAS DE GRAN CANARIA",
    "PALMDALE (CA)",
    "PALMIRA",
    "PALWAL",
    "PAMPLONA",
    "PANABO",
    "PANCEVO",
    "PANCHKULA URBAN ESTATE",
    "PANEVEZHIS",
    "PANGKAL PINANG",
    "PANIHATI",
    "PANIPAT",
    "PANJIN",
    "PANSHI",
    "PANVEL",
    "PANZHIHUA",
    "PAPEETE",
    "PARADISE (NV)",
    "PARAMARIBO",
    "PARANA",
    "PARANAGUA",
    "PARANAQUE",
    "PARAUAPEBAS",
    "PARBHANI",
    "PARE PARE",
    "PARINTINS",
    "PARIS",
    "PARLA",
    "PARMA",
    "PARNAIBA",
    "PARNAMIRIM",
    "PASADENA (CA)",
    "PASADENA (TX)",
    "PASAY",
    "PASIG",
    "PASIR GUDANG",
    "PASSO FUNDO",
    "PASSOS",
    "PASTO",
    "PASURUAN",
    "PATAN",
    "PATERSON (NJ)",
    "PATHANKOT",
    "PATHEIN",
    "PATHUM THANI",
    "PATIALA",
    "PATNA",
    "PATOS",
    "PATOS DE MINAS",
    "PATRAI",
    "PATTANI",
    "PAULISTA",
    "PAULO AFONSO",
    "PAVAS",
    "PAVLODAR",
    "PAVLOGRAD",
    "PECS",
    "PELOTAS",
    "PEMATANG SIANTAR",
    "PEMBROKE PINES (FL)",
    "PENGLAI",
    "PENGZHOU",
    "PENZA",
    "PEORIA (AZ)",
    "PEORIA (IL)",
    "PEREIRA",
    "PEREZ ZELEDON",
    "PERM",
    "PERPIGNAN",
    "PERTH",
    "PERTH & KINROSS",
    "PERUGIA",
    "PERVOURALSK",
    "PESCARA",
    "PESHAWAR",
    "PESTERION",
    "PETAH TIQWA",
    "PETALING JAYA",
    "PETARE",
    "PETERBOROUGH",
    "PETROLINA",
    "PETROPAVLOVSK (SEVERO- KAZAKHSTANSKAYA OBLAST)",
    "PETROPAVLOVSK-KAMCHATSKY",
    "PETROPOLIS",
    "PETROZAVODSK",
    "PFORZHEIM",
    "PHAGWARA",
    "PHANGNGA",
    "PHATTHALUNG",
    "PHAYAO",
    "PHETCHABUN",
    "PHETCHABURI",
    "PHICHIT",
    "PHILADELPHIA (PA)",
    "PHILIPPINES: LIGAO",
    "PHITSANULOK",
    "PHOENIX (AZ)",
    "PHRA NAKHON SI AYUTTHAYA",
    "PHRAE",
    "PHUKET",
    "PHUSRO",
    "PHYONGSONG",
    "PIACENZA",
    "PIATRA NEAMT",
    "PIEDECUESTA",
    "PIEDRAS NEGRAS",
    "PIETERMARITZBURG",
    "PIKINE",
    "PIKIT",
    "PILIBHIT",
    "PIMPRI CHINCHWAD",
    "PINAR DEL RIO",
    "PINDAMONHANGABA",
    "PINGDINGSHAN",
    "PINGDU",
    "PINGHU",
    "PINGLIANG",
    "PINGXIANG (GUANGXI)",
    "PINGXIANG (JIANGXI)",
    "PINHAIS",
    "PINSK",
    "PIRACICABA",
    "PIREAS",
    "PISCO",
    "PITALITO",
    "PITESTI",
    "PITTSBURGH (PA)",
    "PIURA",
    "PIZHOU",
    "PLANO (TX)",
    "PLARIDEL",
    "PLAYA DEL CARMEN",
    "PLEVEN",
    "PLOCK",
    "PLOIESTI",
    "PLOVDIV",
    "PLYMOUTH",
    "PLZEN",
    "POA",
    "POCOCI",
    "POCOS DE CALDAS",
    "PODGORICA",
    "PODOLSK",
    "POHANG",
    "POINTE-A-PITRE",
    "POINTE-NOIRE",
    "POKHARA",
    "POLATLI",
    "POLLACHI",
    "POLOMOLOK",
    "POLTAVA",
    "POMONA (CA)",
    "POMPANO BEACH (FL)",
    "PONCE",
    "PONDICHERRY",
    "PONTA GROSSA",
    "PONTIANAK",
    "POPAYAN",
    "PORAC",
    "PORBANDAR",
    "PORT ELIZABETH",
    "PORT HARCOURT",
    "PORT LOUIS",
    "PORT MORESBY",
    "PORT SAID",
    "PORT ST. LUCIE (FL)",
    "PORT VILA",
    "PORT-OF-SPAIN",
    "PORTLAND (OR)",
    "PORTMORE",
    "PORTO",
    "PORTO ALEGRE",
    "PORTO SEGURO",
    "PORTO VELHO",
    "PORTOVIEJO",
    "PORTSMOUTH",
    "PORTSMOUTH (VA)",
    "POSADAS",
    "POTOSI",
    "POTSDAM",
    "POUSO ALEGRE",
    "POUYTENGA",
    "POZA RICA DE HIDALGO",
    "POZNAN",
    "POZUELOS (F) (CAPITAL)",
    "PRACHIN BURI",
    "PRACHUAP KHIRI KHAN",
    "PRAHA",
    "PRAIA",
    "PRAIA GRANDE",
    "PRATO",
    "PRESIDENTE PRUDENTE",
    "PRESTON",
    "PRETORIA",
    "PRIJEDOR",
    "PROBOLINGGO",
    "PRODDATUR",
    "PROKOPYEVSK",
    "PROVIDENCE (RI)",
    "PROVO (UT)",
    "PSKOV",
    "PUCALLPA",
    "PUDUKKOTTAI",
    "PUEBLA DE ZARAGOZA",
    "PUEBLO (CO)",
    "PUENTE ALTO",
    "PUERTO CABELLO",
    "PUERTO LA CRUZ",
    "PUERTO MONTT",
    "PUERTO PLATA",
    "PUERTO PRINCESA",
    "PUERTO VALLARTA",
    "PULANDIAN",
    "PUNE",
    "PUNING",
    "PUNO",
    "PUNTA ARENAS",
    "PUNTARENAS",
    "PUNTO FIJO",
    "PURI",
    "PURNIA",
    "PURULIYA",
    "PUSHKINO",
    "PUTIAN",
    "PUYANG",
    "PYATIGORSK",
    "PYONGYANG",
    "QACENTINA (CONSTANTINE)",
    "QAEM SHAHR",
    "QARCHAK",
    "QAZVIN",
    "QIANAN",
    "QIANJIANG",
    "QIDONG",
    "QINGDAO",
    "QINGTONGXIA",
    "QINGYUAN",
    "QINGZHEN",
    "QINGZHOU",
    "QINHUANGDAO",
    "QINYANG",
    "QINZHOU",
    "QIONGHAI",
    "QIONGLAI",
    "QIONGSHAN",
    "QIQIHAER",
    "QITAIHE",
    "QIXIA",
    "QODS",
    "QOM",
    "QUANZHOU",
    "QUCHAN",
    "QUEBEC",
    "QUEIMADOS",
    "QUELIMANE",
    "QUERETARO",
    "QUETTA",
    "QUETZALTENANGO",
    "QUEVEDO",
    "QUEZON CITY",
    "QUFU",
    "QUIBDO",
    "QUILMES",
    "QUILPUE",
    "QUITO",
    "QUJING",
    "QUTHBULLAPUR",
    "QUZHOU",
    "RADOM",
    "RAE BARELI",
    "RAFAH",
    "RAFSANJAN",
    "RAHIMYAR KHAN",
    "RAICHUR",
    "RAIGANJ",
    "RAIGARH",
    "RAIPUR",
    "RAJAHMUNDRY",
    "RAJAPALAYAM",
    "RAJARHAT GOPALPUR",
    "RAJENDRANAGAR",
    "RAJKOT",
    "RAJNANDGAON",
    "RAJPUR SONARPUR",
    "RAJSHAHI",
    "RALEIGH (NC)",
    "RAMADAN",
    "RAMADI",
    "RAMAGUNDAM",
    "RAMAT GAN",
    "RAMGARH",
    "RAMPUR",
    "RANAGHAT",
    "RANCAGUA",
    "RANCHI",
    "RANCHO CUCAMONGA (CA)",
    "RANGPUR",
    "RANIGANJ",
    "RANONG",
    "RAROTONGA",
    "RASHT",
    "RASON",
    "RATCHABURI",
    "RATLAM",
    "RAURKELA",
    "RAURKELA INDUSTRIALSHIP",
    "RAVENNA",
    "RAWALPINDI",
    "RAWSON-TRELEW-PLAYA UNION",
    "RAYONG",
    "READING/WOKINGHAM",
    "RECIFE",
    "RECKLINGHAUSEN",
    "REGENSBURG",
    "REGGIO DI CALABRIA",
    "REGGIO NELL'EMILIA",
    "REGINA",
    "REHOVOT",
    "REIMS",
    "REMSCHEID",
    "RENFREWSHIRE",
    "RENHUAI",
    "RENNES",
    "RENO (NV)",
    "RENQIU",
    "RESENDE",
    "RESISTENCIA",
    "REUS",
    "REUTLINGEN",
    "REWA",
    "REWARI",
    "REYKJAVIK",
    "REYNOSA",
    "RIALTO (CA)",
    "RIBEIRAO DAS NEVES",
    "RIBEIRAO PIRES",
    "RIBEIRAO PRETO",
    "RICHARDSON (TX)",
    "RICHMOND",
    "RICHMOND (CA)",
    "RICHMOND (VA)",
    "RICHMOND HILL",
    "RIGA",
    "RIJEKA",
    "RIMINI",
    "RIMNICU VILCEA",
    "RIO BRANCO",
    "RIO CLARO",
    "RIO CUARTO",
    "RIO DAS OSTRAS",
    "RIO DE JANEIRO",
    "RIO GRANDE",
    "RIO VERDE",
    "RIOBAMBA",
    "RIOHACHA",
    "RIONEGRO",
    "RIOVERDE - CIUDAD FERNANDEZ",
    "RISHON LEZIYYON",
    "RISHRA",
    "RIVERSIDE (CA)",
    "RIVNE",
    "RIYADH",
    "RIZE",
    "RIZHAO",
    "ROAD TOWN",
    "ROBERTSON PET",
    "ROCHESTER (MN)",
    "ROCHESTER (NY)",
    "ROCKFORD (IL)",
    "RODRIGUEZ (MONTALBAN)",
    "ROHTAK",
    "ROI ET",
    "ROMA",
    "RONDONOPOLIS",
    "RONGCHENG",
    "ROODEPOORT",
    "ROORKEE",
    "ROSARIO",
    "ROSEAU",
    "ROSEVILLE (CA)",
    "ROSTOCK",
    "ROSTOV-NA-DONU",
    "ROTTERDAM",
    "ROUEN",
    "ROUND ROCK (TX)",
    "ROXAS",
    "RUBTSOVSK",
    "RUDA SLASKA",
    "RUDNI",
    "RUFISQUE",
    "RUGAO",
    "RUIAN",
    "RUICHANG",
    "RUIJIN",
    "RUILI",
    "RUIRU",
    "RUSE",
    "RUSHAN",
    "RUSSIEFA",
    "RUSTAVI",
    "RUZHOU",
    "RYAZAN",
    "RYBINSK",
    "RYBNIK",
    "RZESZOW",
    "S-GRAVENHAGE",
    "S-HERTOGENBOSCH",
    "S.A.S. NAGAR (MOHALI)",
    "SA KAEO",
    "SAANICH",
    "SAARBRUCKEN",
    "SABAC",
    "SABADELL",
    "SABARA",
    "SABZEWAR",
    "SACHEON",
    "SACRAMENTO (CA)",
    "SADIQABAD",
    "SAGA",
    "SAGAMIHARA",
    "SAGAMU",
    "SAGAR",
    "SAGAY CITY",
    "SAGUENAY",
    "SAHARANPUR",
    "SAHARASA",
    "SAHIWAL",
    "SAIDA",
    "SAIDPUR",
    "SAIJO",
    "SAINT JOHN",
    "SAINT LOUIS",
    "SAINT-DENIS",
    "SAINT-DENIS (LA REUNION)",
    "SAINT-ETIENNE",
    "SAINT-PAUL",
    "SAINT-PAUL (LA REUNION)",
    "SAINT-PIERRE",
    "SAITAMA",
    "SAKADO",
    "SAKAI",
    "SAKARYA",
    "SAKATA",
    "SAKON NAKHON",
    "SAKON SAKHON",
    "SAKU",
    "SAKURA",
    "SALALAH",
    "SALAMANCA",
    "SALATIGA",
    "SALAVAT",
    "SALEM",
    "SALEM (OR)",
    "SALERNO",
    "SALINAS (CA)",
    "SALMIYA",
    "SALT LAKE CITY (UT)",
    "SALTA",
    "SALTILLO",
    "SALTO",
    "SALVADOR",
    "SALZBURG",
    "SALZGITTER",
    "SAMARA (SAMARSKAYA OBLAST)",
    "SAMARINDA",
    "SAMARKAND",
    "SAMBALPUR",
    "SAMBHAL",
    "SAMSUN",
    "SAMUT PRAKAN",
    "SAMUT SAKHON",
    "SAMUT SONGKHRAM",
    "SAN ANDRES DE TUMACO",
    "SAN ANTONIO (TX)",
    "SAN BERNARDINO (CA)",
    "SAN BERNARDO",
    "SAN BUENAVENTURA (CA)",
    "SAN CARLOS",
    "SAN CARLOS (NEGROS OCCIDENTAL)",
    "SAN CARLOS (PANGASINAN)",
    "SAN CRISTOBAL",
    "SAN CRISTOBAL DE LA LAGUNA",
    "SAN CRISTOBAL DE LAS CASAS",
    "SAN DIEGO (CA)",
    "SAN FERNANDO",
    "SAN FERNANDO (LA UNION)",
    "SAN FERNANDO (PAMPANGA)",
    "SAN FERNANDO DE APURE",
    "SAN FRANCISCO",
    "SAN FRANCISCO (CA)",
    "SAN FRANCISCO COACALCO",
    "SAN FRANCISCO DE MACORIS",
    "SAN FRANCISCO DEL RINCON",
    "SAN ISIDRO",
    "SAN JOSE",
    "SAN JOSE (CA)",
    "SAN JOSE (OCCIDENTAL MINDORO)",
    "SAN JOSE CITY (NUEVA ECIJA)",
    "SAN JOSE DEL MONTE",
    "SAN JUAN",
    "SAN JUAN BAUTISTA TUXTEPEC",
    "SAN JUAN DE LA MAGUANA",
    "SAN JUAN DEL RIO",
    "SAN LORENZO",
    "SAN LUIS - EL CHORRILLO",
    "SAN LUIS POTOSI",
    "SAN LUIS RIO COLORADO",
    "SAN MARINO",
    "SAN MARTIN",
    "SAN MARTIN TEXMELUCAN",
    "SAN MATEO",
    "SAN MIGUEL",
    "SAN MIGUEL DE TUCUMAN",
    "SAN NICOLAS DE LOS GARZA",
    "SAN NICOLAS-VILLA CONSTITUCION",
    "SAN PABLO",
    "SAN PEDRO",
    "SAN PEDRO DE LA PAZ",
    "SAN PEDRO DE MACORIS",
    "SAN PEDRO GARZA GARCIA",
    "SAN PEDRO SULA",
    "SAN SALVADOR",
    "SAN SALVADOR DE JUJUY-PALPALA",
    "SANA'A",
    "SANANDAJ",
    "SANCTI SPIRITUS",
    "SANDA",
    "SANDAKAN",
    "SANGJU",
    "SANGLI-MIRAJ-KUPWAD",
    "SANGO OTTA",
    "SANHE",
    "SANJO",
    "SANKT POLTEN",
    "SANLIURFA",
    "SANMENXIA",
    "SANMING",
    "SANO",
    "SANSHUI",
    "SANTA ANA",
    "SANTA ANA (CA)",
    "SANTA BARBARA D'OESTE",
    "SANTA CLARA",
    "SANTA CLARA (CA)",
    "SANTA CLARITA (CA)",
    "SANTA COLOMA DE GRAMANET",
    "SANTA CRUZ",
    "SANTA CRUZ DE TENERIFE",
    "SANTA CRUZ DO SUL",
    "SANTA ELENA",
    "SANTA FE",
    "SANTA LUCIA",
    "SANTA LUZIA (MINAS GERAIS)",
    "SANTA MARIA",
    "SANTA MARIA (CA)",
    "SANTA MARTA",
    "SANTA RITA",
    "SANTA ROSA",
    "SANTA ROSA (CA)",
    "SANTA ROSA-TOAY",
    "SANTA TECLA",
    "SANTANA",
    "SANTANA DE PARNAIBA",
    "SANTANDER",
    "SANTAREM",
    "SANTIAGO",
    "SANTIAGO DE CUBA",
    "SANTIAGO DE LOS CABALLEROS",
    "SANTIAGO DEL ESTERO-LA BANDA",
    "SANTIPUR",
    "SANTO ANDRE",
    "SANTO DOMINGO",
    "SANTO DOMINGO DE LOS COLORADOS",
    "SANTO DOMINGO EAST",
    "SANTO DOMINGO NORTH",
    "SANTO DOMINGO WEST",
    "SANTO TOMAS ( DAVAO DEL NORTE)",
    "SANTO TOMAS (BATANGAS)",
    "SANTOS",
    "SANYA",
    "SAO BERNARDO DO CAMPO",
    "SAO CAETANO DO SUL",
    "SAO CARLO",
    "SAO GONCALO",
    "SAO JOAO DE MERITI",
    "SAO JOSE",
    "SAO JOSE DE RIBAMAR",
    "SAO JOSE DO RIO PRETO",
    "SAO JOSE DOS CAMPOS",
    "SAO JOSE DOS PINHAIS",
    "SAO LEOPOLDO",
    "SAO LOURENCO DA MATA",
    "SAO LUIS",
    "SAO MATEUS",
    "SAO PAULO",
    "SAO TOME",
    "SAO VICENTE",
    "SAPELE",
    "SAPPORO",
    "SAPUCAIA DO SUL",
    "SAQEZ",
    "SARABURI",
    "SARAJEVO",
    "SARANSK",
    "SARAPYUL",
    "SARATOV",
    "SARGODHA",
    "SARI",
    "SARIAYA",
    "SARIWON",
    "SASARAM",
    "SASEBO",
    "SASKATOON",
    "SASSARI",
    "SATARA",
    "SATNA",
    "SATSUMASENDAI",
    "SATU-MARE",
    "SATUN",
    "SAVANNAH (GA)",
    "SAVEH",
    "SAWAI MADHOPUR",
    "SAYAMA",
    "SCHAERBEEK",
    "SCHWERIN",
    "SCOTTISH BORDERS",
    "SCOTTSDALE (AZ)",
    "SEATTLE (WA)",
    "SECUNDERABAD",
    "SEKAKA",
    "SEKONDI",
    "SEKUDAI",
    "SELEYANG BARU",
    "SEMARANG",
    "SEMIPALATINSK",
    "SEMNAN",
    "SENDAI",
    "SEONGNAM",
    "SEOSAN",
    "SEOUL",
    "SERAMPORE",
    "SEREMBAN",
    "SERGIEV POSAD",
    "SERILINGAMPALLE",
    "SEROV",
    "SERPUKHOV",
    "SERRA",
    "SERTAOZINHO",
    "SETE LAGOAS",
    "SETO",
    "SETUBAL",
    "SEVASTOPOL",
    "SEVERODONETSK",
    "SEVERODVINSK",
    "SEVERSK",
    "SEVILLA",
    "SHAH ALAM",
    "SHAHE",
    "SHAHINSHAHR",
    "SHAHJAHANPUR",
    "SHAHR-E-KORD",
    "SHAHREZA",
    "SHAHRIAR",
    "SHAHRUD",
    "SHAKHTY",
    "SHAKKARPUR",
    "SHANGHAI",
    "SHANGQIU",
    "SHANGRAO",
    "SHANGYU",
    "SHANGZHI",
    "SHANGZHOU",
    "SHANTOU",
    "SHANWEI",
    "SHAOGUAN",
    "SHAOWU",
    "SHAOXING",
    "SHAOYANG",
    "SHAULIAI",
    "SHCHELKOVO",
    "SHEBIN-EL-KOM",
    "SHEFFIELD",
    "SHEIKHU PURA",
    "SHENGZHOU",
    "SHENYANG",
    "SHENZHEN",
    "SHENZHOU",
    "SHERBROOKE",
    "SHIBATA",
    "SHIFANG",
    "SHIHEZI",
    "SHIJIAZHUANG",
    "SHILLONG",
    "SHIMADA",
    "SHIMIZU",
    "SHIMKENT",
    "SHIMLA",
    "SHIMOGA",
    "SHIMONOSEKI",
    "SHINYANGA",
    "SHIRAZ",
    "SHISHI",
    "SHISHOU",
    "SHIVAPURI",
    "SHIYAN",
    "SHIZUISHAN",
    "SHIZUOKA",
    "SHOOSH",
    "SHOUGUANG",
    "SHREVEPORT (LA)",
    "SHUANGCHENG",
    "SHUANGLIAO",
    "SHUANGYASHAN",
    "SHUBRA-EL-KHEMA",
    "SHULAN",
    "SHUNAN",
    "SHUNDE",
    "SHUOZHOU",
    "SI SA KET",
    "SIALKOTE",
    "SIBIU",
    "SIBU",
    "SIDI-BEL-ABBES",
    "SIEGEN",
    "SIHUI",
    "SIIRT",
    "SIKAR",
    "SILANG",
    "SILAY",
    "SILCHAR",
    "SILIGURI",
    "SIMAO",
    "SIMFEROPOL",
    "SIMI VALLEY (CA)",
    "SIMOES FILHO",
    "SINCELEJO",
    "SING BURI",
    "SINGAPORE",
    "SINGRAULI",
    "SINOP",
    "SINPHO",
    "SINUIJU",
    "SIOUX FALLS (SD)",
    "SIPING",
    "SIRACUSA",
    "SIRAJGANJ",
    "SIRJAN",
    "SIRSA",
    "SITAPUR",
    "SITTWAY",
    "SIVAKASI",
    "SIVAS",
    "SIVEREK",
    "SIWAN",
    "SKIKDA",
    "SKOPJE",
    "SLAVYANSK",
    "SLOUGH",
    "SLUPSK",
    "SMEDEREVO",
    "SMOLENSK",
    "SOACHA",
    "SOBRAL",
    "SOCHI",
    "SOFIA",
    "SOGAMOSO",
    "SOHAG",
    "SOHAR",
    "SOKA",
    "SOKOTO",
    "SOLAPUR",
    "SOLEDAD",
    "SOLEDAD DE GRACIANO SANCHEZ",
    "SOLENZO",
    "SOLIGORSK",
    "SOLIKAMSK",
    "SOLINGEN",
    "SONGKHLA",
    "SONGYUAN",
    "SONGZI",
    "SONIPAT",
    "SONSONATE",
    "SOROCABA",
    "SORSOGON",
    "SOSNOWIEC",
    "SOUQ AHRAS",
    "SOUTH AYRSHIRE",
    "SOUTH BEND (IN)",
    "SOUTH DUM DUM",
    "SOUTH LANARKSHIRE",
    "SOUTHAMPTON",
    "SOUTHEND",
    "SOUTHPORT/FORMBY",
    "SOWETO",
    "SOYAPANGO",
    "SPANISH TOWN",
    "SPLIT",
    "SPOKANE (WA)",
    "SPRING VALLEY (NV)",
    "SPRINGFIELD (IL)",
    "SPRINGFIELD (MA)",
    "SPRINGFIELD (MO)",
    "SPRINGS",
    "SRI JAYAWARDANAPURA KOTTE",
    "SRIKAKULAM",
    "SRINAGAR",
    "ST CATHARINES-NIAGARA",
    "ST. ALBANS/HATFIELD",
    "ST. GALLEN",
    "ST. GEORGE'S",
    "ST. HELIER",
    "ST. JOHN",
    "ST. JOHN'S",
    "ST. LOUIS (MO)",
    "ST. PAUL (MN)",
    "ST. PETER PORT",
    "ST. PETERSBURG",
    "ST. PETERSBURG (FL)",
    "STAKHANOV",
    "STAMFORD (CT)",
    "STANLEY",
    "STARA ZAGORA",
    "STARY OSKOL",
    "STAVANGER",
    "STAVROPOL",
    "STERLING HEIGHTS (MI)",
    "STERLITAMAK",
    "STIF (SETIF)",
    "STOCKHOLM",
    "STOCKTON (CA)",
    "STRASBOURG",
    "STUTTGART",
    "SUBANG JAYA",
    "SUBOTICA",
    "SUCEAVA",
    "SUCRE",
    "SUEZ",
    "SUIHUA",
    "SUINING",
    "SUITA",
    "SUIZHOU",
    "SUKABUMI",
    "SUKHOTHAI",
    "SUKKUR",
    "SULAMANIYA",
    "SULEJA",
    "SULLANA",
    "SULTAN PUR MAJRA",
    "SULTANPUR",
    "SUMARE",
    "SUMGAYIT",
    "SUMY",
    "SUNCHEON",
    "SUNCHON",
    "SUNDERLAND",
    "SUNGAI ARA",
    "SUNGAI PETANI",
    "SUNNYVALE (CA)",
    "SUNRISE MANOR (NV)",
    "SUNSHINE COAST",
    "SUPHAN BURI",
    "SUQIAN",
    "SURABAYA",
    "SURAKARTA",
    "SURAT",
    "SURAT THANI",
    "SURENDRANAGAR DUDHREJ",
    "SURGUT",
    "SURIGAO",
    "SURIN",
    "SURPRISE (AZ)",
    "SURREY",
    "SUSANO",
    "SUVA",
    "SUWON (PUWAN)",
    "SUZHOU (ANHUI)",
    "SUZHOU (JIANGSU)",
    "SUZUKA",
    "SWANSEA",
    "SWINDON",
    "SYDNEY",
    "SYKTIVKAR",
    "SYRACUSE (NY)",
    "SYZRAN",
    "SZCZECIN",
    "SZEGED",
    "SZEKESFEHERVAR",
    "TA'IZZ",
    "TABACO",
    "TABOAO DA SERRA",
    "TABRIZ",
    "TABUK",
    "TACHENG",
    "TACHIKAWA",
    "TACLOBAN",
    "TACNA",
    "TACOMA (WA)",
    "TADEPALLIGUDEM",
    "TAGANROG",
    "TAGUIG",
    "TAGUM",
    "TAI'AN",
    "TAICANG",
    "TAIPING",
    "TAISHAN",
    "TAIXING",
    "TAIYUAN",
    "TAIZHOU (JIANGSU)",
    "TAIZHOU (ZHEJIANG)",
    "TAJIMI",
    "TAK",
    "TAKAMATSU",
    "TAKAOKA",
    "TAKARAZUKA",
    "TAKASAKI",
    "TAKATSUKI",
    "TAKORADI",
    "TALAVERA",
    "TALCA",
    "TALCAHUANO",
    "TALDYKORGAN",
    "TALISAY",
    "TALLAHASSEE (FL)",
    "TALLINN",
    "TAMA",
    "TAMALE",
    "TAMBARAM",
    "TAMBOV",
    "TAMPA (FL)",
    "TAMPERE",
    "TAMPICO",
    "TANAUAN",
    "TANCHON",
    "TANDOADAM",
    "TANGA",
    "TANGAIL",
    "TANGERANG",
    "TANGSHAN",
    "TANJUNG BALAI",
    "TANTA",
    "TANZA",
    "TAONAN",
    "TAPACHULA (DE CORDOVA Y ORDONEZ)",
    "TARANTO",
    "TARAPOTO",
    "TARAWA",
    "TARAZ",
    "TARIBA",
    "TARIJA",
    "TARLAC",
    "TARNOW",
    "TARRAGONA",
    "TARSUS",
    "TARTU",
    "TASHAUZ",
    "TASHKENT",
    "TATUI",
    "TAUBATE",
    "TAUNGGYI",
    "TAURANGA",
    "TAWAU",
    "TAYTAY",
    "TBESSA",
    "TBILISI",
    "TEBING TINGGI",
    "TECOMAN",
    "TEESSIDE",
    "TEGAL",
    "TEGUCIGALPA",
    "TEHRAN",
    "TEHUACAN",
    "TEIXEIRA DE FREITAS",
    "TEKIRDAG",
    "TEL AVIV-YAFO",
    "TELDE",
    "TELFORD",
    "TEMA",
    "TEMBISA",
    "TEMECULA (CA)",
    "TEMIRTAU",
    "TEMPE (AZ)",
    "TEMUCO",
    "TENALI",
    "TENGZHOU",
    "TENKODOGO",
    "TEOFILO OTONI",
    "TEPIC",
    "TERESINA",
    "TERESOPOLIS",
    "TERMEZ",
    "TERNI",
    "TERNOPOL",
    "TERRASSA",
    "TETE",
    "TEZPUR",
    "THANE",
    "THANESAR",
    "THANET",
    "THANJAVUR",
    "THE HAGUE",
    "THE MEDWAY TOWNS",
    "THE POTTERIES",
    "THE VALLEY",
    "THESSALONIKI",
    "THIES",
    "THIKA",
    "THIMPHU",
    "THIRUVANANTHAPURAM",
    "THOOTHUKKUDI (TUTICORIN)",
    "THORNTON (CO)",
    "THORSHAVN",
    "THOUSAND OAKS (CA)",
    "THRISSUR",
    "THUNDER BAY",
    "TIANCHANG",
    "TIANJIN",
    "TIANMEN",
    "TIANSHUI",
    "TIEFA",
    "TIELI",
    "TIELING",
    "TIHERT",
    "TIJUANA",
    "TILBURG",
    "TILIMSEN (TLEMCEN)",
    "TIMISOARA",
    "TIMON",
    "TINSUKIA",
    "TIRANA",
    "TIRGU-MURES",
    "TIRUCHCHIRAPPALLI",
    "TIRUNELVELI",
    "TIRUPATI",
    "TIRUPPUR",
    "TIRUVANNAMALAI",
    "TIRUVOTTIYUR",
    "TITAGARH",
    "TLALNEPANTLA",
    "TLAQUEPAQUE",
    "TLAXCALA",
    "TOAMASINA",
    "TOBOLSK",
    "TOCHIGI",
    "TOCUYITO",
    "TODA",
    "TOKAI",
    "TOKAT",
    "TOKCHON",
    "TOKOROZAWA",
    "TOKUSHIMA",
    "TOKUYAMA",
    "TOKYO",
    "TOLEDO",
    "TOLEDO (OH)",
    "TOLUCA (DE LERDO)",
    "TOLYATTI",
    "TOMAKOMAI",
    "TOMSK",
    "TONALA",
    "TONDABAYASHI",
    "TONGCHENG",
    "TONGCHUAN",
    "TONGHUA",
    "TONGI",
    "TONGJIANG",
    "TONGLIAO",
    "TONGLING",
    "TONGREN",
    "TONGSHI",
    "TONGXIANG",
    "TONGYEONG",
    "TONGZHOU",
    "TONK",
    "TOOWOOMBA",
    "TOPEKA (KS)",
    "TORBAT-E-HEYDARIYEH",
    "TORBAY",
    "TORIDE",
    "TORINO",
    "TORONTO",
    "TORRANCE (CA)",
    "TORREJON DE ARDOZ",
    "TORREON",
    "TORREVIEJA",
    "TORUN",
    "TOTTORI",
    "TOUGGOURT",
    "TOULON",
    "TOULOUSE",
    "TOURS",
    "TOWN OF ST. GEORGE",
    "TOWNSVILLE",
    "TOYAMA",
    "TOYOHASHI",
    "TOYOKAWA",
    "TOYONAKA",
    "TOYOTA",
    "TRABZON",
    "TRANG",
    "TRAT",
    "TRECE MARTIRES",
    "TRENTO",
    "TRES LAGOAS",
    "TRIER",
    "TRIESTE",
    "TRINDADE",
    "TRIPOLI",
    "TROIS-RIVIERES",
    "TRONDHEIM",
    "TRUJILLO",
    "TSU",
    "TSUCHIURA",
    "TSUKUBA",
    "TSURUOKA",
    "TSUYAMA",
    "TUCSON (AZ)",
    "TUCUMAN-TAFI VIEJO",
    "TUGUEGARAO",
    "TULA",
    "TULA, TULA DE ALLENDE",
    "TULANCINGO, TULANCINGO DE BRAVO",
    "TULSA (OK)",
    "TULUA",
    "TULUFAN",
    "TUMEN",
    "TUMKUR",
    "TUNJA",
    "TURBO",
    "TURGUTLU ( MANISA)",
    "TURKMENABAT (CHARDZHOU)",
    "TURKU",
    "TURMERO",
    "TUXPAN",
    "TUXTLA GUTIERREZ",
    "TUZLA",
    "TVER",
    "TYCHY",
    "TYNESIDE",
    "TYUMEN",
    "UBA",
    "UBE",
    "UBERABA",
    "UBERLANDIA",
    "UBON RATCHATHANI",
    "UDAIPUR",
    "UDON THANI",
    "UDUPI",
    "UEDA",
    "UFA",
    "UGEP",
    "UHTA",
    "UIJEONGBU (EUJEONGBU)",
    "UJI",
    "UJJAIN",
    "ULAANBAATAR",
    "ULAN-UDE",
    "ULHASNAGAR",
    "ULM",
    "ULSAN",
    "ULUBERIA",
    "ULYANOVSK",
    "UMEA",
    "UMLAZI",
    "UMUAHIA",
    "UMUARAMA",
    "UNAYZAH",
    "UNNAO",
    "UPPAL KALAN",
    "UPPSALA",
    "URALSK",
    "URASOE",
    "URAWA",
    "URAYASU",
    "URBAN HONOLULU (HI)",
    "URDANETA",
    "URGENTCH",
    "URIBIA",
    "URUAPAN",
    "URUGUAIANA",
    "URUMA",
    "URUMQI",
    "USAK",
    "USHUAIA-RIO GRANDE",
    "USSURIISK",
    "UST-KAMENOGORSK",
    "UST-ULIMSK",
    "USTI NAD LABEM",
    "UTHAI THANI",
    "UTRECHT",
    "UTSUNOMIYA",
    "UTTARADIT",
    "UTTARPARA KOTRUNG",
    "UZHGOROD",
    "VACOAS - PHOENIX",
    "VADAKARA",
    "VADODARA",
    "VADUZ",
    "VALDIVIA",
    "VALENCIA",
    "VALENZUELA",
    "VALERA",
    "VALINHOS",
    "VALLADOLID",
    "VALLEDUPAR",
    "VALLEJO (CA)",
    "VALLETTA",
    "VALPARAISO",
    "VALPARAISO DE GOIAS",
    "VALSAD",
    "VAN",
    "VANADZOZ (KIROVAKAN)",
    "VANCOUVER",
    "VANCOUVER (WA)",
    "VANIYAMBADI",
    "VANTAA",
    "VARAMIN",
    "VARANASI",
    "VARGINHA",
    "VARNA",
    "VARZEA GRANDE",
    "VARZEA PAULISTA",
    "VASAI",
    "VASTERAS",
    "VATICAN CITY",
    "VAUGHAN",
    "VEJALPUR",
    "VEJLE",
    "VELIKIE LUKY",
    "VELIKIY NOVGOROD",
    "VELLORE",
    "VENEZIA",
    "VERACRUZ",
    "VERAVAL",
    "VEREENIGING",
    "VERONA",
    "VESPASIANO",
    "VIAMAO",
    "VICENTE LOPEZ",
    "VICENZA",
    "VICTORIA",
    "VICTORVILLE CITY (CA)",
    "VIDISHA",
    "VIENTIANE",
    "VIGO",
    "VIJAYAWADA",
    "VILA NOVA DE GAIA",
    "VILA VELHA",
    "VILLA ALEMANA",
    "VILLA NICOLAS ROMERO",
    "VILLA NUEVA",
    "VILLAHERMOSA",
    "VILLAVICENCIO",
    "VILLEURBANNE",
    "VILNIUS",
    "VINA DEL MAR",
    "VINNUTSYA",
    "VIRAR",
    "VIRGINIA BEACH (VA)",
    "VISAKHAPATNAM",
    "VISALIA (CA)",
    "VITEBSK",
    "VITORIA",
    "VITORIA DA CONQUISTA",
    "VITORIA DE SANTO ANTAO",
    "VITORIA-GASTEIZ",
    "VIZIANAGARM",
    "VLADIKAVKAZ (OSETINSKAYA ASSR)",
    "VLADIMIR",
    "VLADIVOSTOK",
    "VOLGODONSK",
    "VOLGOGRAD",
    "VOLOGDA",
    "VOLTA REDONDA",
    "VOLZHSKY",
    "VORKUTA",
    "VORONEZH",
    "VOTORANTIM",
    "WACO (TX)",
    "WADHWAN",
    "WAFANGDIAN",
    "WAH CANTONMENT",
    "WAHRAN (ORAN)",
    "WAITAKERE",
    "WAKAYAMA",
    "WALBRZYCH",
    "WANNING",
    "WANYUAN",
    "WARANGAL",
    "WARDHA",
    "WARGLA",
    "WARREN (MI)",
    "WARRI",
    "WARRINGTON",
    "WARSZAWA",
    "WASHINGTON (DC)",
    "WATERBURY (CT)",
    "WAU",
    "WEIFANG",
    "WEIHAI",
    "WEIHUI",
    "WEINAN",
    "WELLINGTON",
    "WENCHANG",
    "WENDENG",
    "WENLING",
    "WENZHOU",
    "WEST COVINA (CA)",
    "WEST JORDAN (UT)",
    "WEST LOTHIAN",
    "WEST MIDLANDS",
    "WEST PALM BEACH (FL)",
    "WEST VALLEY CITY (UT)",
    "WEST YORKSHIRE",
    "WESTMINSTER (CO)",
    "WHITBY",
    "WICHITA (KS)",
    "WICHITA FALLS (TX)",
    "WIEN",
    "WIESBADEN",
    "WIGAN",
    "WILMINGTON (NC)",
    "WINDHOEK",
    "WINDSOR",
    "WINNIPEG",
    "WINSTON-SALEM (NC)",
    "WINTERTHUR",
    "WITTEN",
    "WLOCLAWEK",
    "WOLFSBURG",
    "WOLLONGONG",
    "WONJU",
    "WONSAN",
    "WORCESTER (MA)",
    "WROCLAW",
    "WUAN",
    "WUCHANG",
    "WUCHUAN",
    "WUDALIANCHI",
    "WUGANG (HENAN)",
    "WUGANG (HUNAN)",
    "WUHAI",
    "WUHAN",
    "WUHU",
    "WUJIANG",
    "WUJIN",
    "WULANHAOTE",
    "WUPPERTAL",
    "WURZBURG",
    "WUSU",
    "WUWEI",
    "WUXI",
    "WUXIAN",
    "WUXUE",
    "WUYISHAN",
    "WUZHONG",
    "WUZHOU",
    "XALAPA-ENRIQUEZ",
    "XI'AN",
    "XIAMEN",
    "XIANGCHENG",
    "XIANGFAN",
    "XIANGTAN",
    "XIANGXIANG",
    "XIANNING",
    "XIANTAO",
    "XIANYANG",
    "XIAOGAN",
    "XIAOSHAN",
    "XIAOYI",
    "XICHANG",
    "XICO",
    "XIFENG",
    "XILINHAOTE",
    "XINGCHENG",
    "XINGHUA",
    "XINGNING",
    "XINGPING",
    "XINGTAI",
    "XINGYANG",
    "XINGYI",
    "XINHUI",
    "XINING",
    "XINJI",
    "XINLE",
    "XINMI",
    "XINMIN",
    "XINTAI",
    "XINXIANG",
    "XINYANG",
    "XINYI (GUANGDONG)",
    "XINYI (JIANGSU)",
    "XINYU",
    "XINZHENG",
    "XINZHOU",
    "XISHAN",
    "XUANCHENG",
    "XUANWEI",
    "XUCHANG",
    "XUZHOU",
    "YA'AN",
    "YACHIYO",
    "YAIZU",
    "YAKESHI",
    "YAKUTSK",
    "YALA",
    "YALOVA",
    "YAMAGATA",
    "YAMAGUCHI",
    "YAMATO",
    "YAMOUSSOUKRO",
    "YAMUNANAGAR",
    "YAN'AN",
    "YANBU AL-BAHR",
    "YANCHENG",
    "YANGCHUN",
    "YANGJIANG",
    "YANGON",
    "YANGQUAN",
    "YANGSAN",
    "YANGZHONG",
    "YANGZHOU",
    "YANJI",
    "YANSHI",
    "YANTAI",
    "YANZHOU",
    "YAO",
    "YAOUNDE",
    "YAREN",
    "YAROSLAVL",
    "YASOOJ",
    "YASOTHON",
    "YATSUSHIRO",
    "YAVATMAL",
    "YAZD",
    "YEONGCHEON",
    "YEONGJU",
    "YEOSU",
    "YEREVAN",
    "YEVPATORIYA",
    "YIBIN",
    "YICHANG",
    "YICHENG",
    "YICHUN (HEILONGJIANG)",
    "YICHUN (JIANGXI)",
    "YIDU",
    "YIMA",
    "YINCHUAN",
    "YINGCHENG",
    "YINGDE",
    "YINGKO",
    "YINGTAN",
    "YINING",
    "YIWU",
    "YIXING",
    "YIYANG",
    "YIZHENG",
    "YIZHOU",
    "YOGYAKARTA",
    "YOKKAICHI",
    "YOKOHAMA",
    "YOKOSUKA",
    "YOKOTE",
    "YONAGO",
    "YONGAN",
    "YONGCHENG",
    "YONGCHUAN",
    "YONGJI",
    "YONGKANG",
    "YONGZHOU",
    "YONKERS (NY)",
    "YOPAL",
    "YORK",
    "YOSHKAR-OLA",
    "YUANJIANG",
    "YUANPING",
    "YUCHENG",
    "YUEYANG",
    "YUHANG",
    "YULIN (GUANGXI)",
    "YULIN (SHAANXI)",
    "YUMEN",
    "YUNCHENG",
    "YUNFU",
    "YUSHU",
    "YUXI",
    "YUYAO",
    "YUZHNO-SAKHALINSK",
    "YUZHOU",
    "ZAANSTAD",
    "ZABOL",
    "ZABRZE",
    "ZACATECAS",
    "ZAGAZIG",
    "ZAGREB",
    "ZAHEDAN",
    "ZAMA",
    "ZAMBOANGA",
    "ZAMORA DE HIDALGO",
    "ZANJAN",
    "ZANZIBAR",
    "ZAOYANG",
    "ZAOZHUANG",
    "ZAPOPAN",
    "ZAPOROZHYE",
    "ZARAGOZA",
    "ZARIA",
    "ZARQA",
    "ZELENODOLSK",
    "ZENGCHENG",
    "ZENICA",
    "ZHALANTUN",
    "ZHANGJIAGANG",
    "ZHANGJIAJIE",
    "ZHANGJIAKOU",
    "ZHANGPING",
    "ZHANGQIU",
    "ZHANGSHU",
    "ZHANGYE",
    "ZHANGZHOU",
    "ZHANJIANG",
    "ZHAODONG",
    "ZHAOQING",
    "ZHAOTONG",
    "ZHAOYUAN",
    "ZHELEZNODOROZHNY",
    "ZHELEZNOGORSK",
    "ZHENGZHOU",
    "ZHENJIANG",
    "ZHIJIANG",
    "ZHITOMIR",
    "ZHONGSHAN",
    "ZHONGXIANG",
    "ZHOUKOU",
    "ZHOUSHAN",
    "ZHUANGHE",
    "ZHUCHENG",
    "ZHUHAI",
    "ZHUJI",
    "ZHUKOVSKY",
    "ZHUMADIAN",
    "ZHUOZHOU",
    "ZHUZHOU",
    "ZIBO",
    "ZIELONA GORA",
    "ZIGONG",
    "ZIGUINCHOR",
    "ZINDER",
    "ZIPAQUIRA",
    "ZIXING",
    "ZIYANG",
    "ZLATOUST",
    "ZOETERMEER",
    "ZONGULDAK",
    "ZOUCHENG",
    "ZRENJANIN",
    "ZUG",
    "ZUNHUA",
    "ZUNYI",
    "ZURICH",
    "ZWICKAU",
    "ZWOLLE"
]